host,hostName,hostListingCount,boroughCount,boroughs
28820321,Veronica,213,22,"Hackney, Newham, Hammersmith_and_Fulham, Camden, Islington, Haringey, Tower_Hamlets, Hounslow, Westminster, Kensington_and_Chelsea, Lambeth, Brent, Ealing, Southwark, Greenwich, Wandsworth, Lewisham, Barnet, Richmond_upon_Thames, Waltham_Forest, Merton, Havering"
33889201,Veeve,1161,22,"Camden, Kensington_and_Chelsea, Lambeth, Richmond_upon_Thames, Westminster, Islington, Wandsworth, Newham, Hammersmith_and_Fulham, Hounslow, Hackney, Haringey, Merton, Barnet, Brent, Ealing, Southwark, Greenwich, Tower_Hamlets, City_of_London, Kingston_upon_Thames, Lewisham"
137094377,Tom,177,21,"Islington, Westminster, Richmond_upon_Thames, Merton, Hammersmith_and_Fulham, Camden, Wandsworth, Kensington_and_Chelsea, Haringey, Hackney, City_of_London, Tower_Hamlets, Brent, Barnet, Southwark, Ealing, Lambeth, Croydon, Lewisham, Kingston_upon_Thames, Hounslow"
2125620,The London Residents Club,100,17,"Islington, Westminster, Southwark, City_of_London, Kensington_and_Chelsea, Wandsworth, Hammersmith_and_Fulham, Richmond_upon_Thames, Tower_Hamlets, Hounslow, Lambeth, Merton, Ealing, Brent, Haringey, Camden, Greenwich"
105564995,Under The Doormat,88,15,"Lambeth, Kensington_and_Chelsea, Richmond_upon_Thames, Wandsworth, City_of_London, Hammersmith_and_Fulham, Islington, Camden, Westminster, Brent, Ealing, Southwark, Tower_Hamlets, Merton, Hackney"
156158778,Sally,263,15,"Kensington_and_Chelsea, Westminster, Hammersmith_and_Fulham, Wandsworth, Islington, Camden, Richmond_upon_Thames, Hackney, Southwark, Lambeth, Haringey, City_of_London, Ealing, Tower_Hamlets, Brent"
188461840,Rachel & Aaron,31,14,"Westminster, Merton, Greenwich, Wandsworth, Hammersmith_and_Fulham, Hackney, Lambeth, Camden, Tower_Hamlets, Brent, Southwark, Kensington_and_Chelsea, Islington, Newham"
106387632,Sam,26,13,"Ealing, Tower_Hamlets, Lambeth, Hammersmith_and_Fulham, Haringey, Southwark, Kensington_and_Chelsea, Camden, Wandsworth, Merton, Islington, Westminster, Lewisham"
133522076,Shannon And Elizabeth,18,13,"Islington, Tower_Hamlets, Haringey, Wandsworth, City_of_London, Brent, Hammersmith_and_Fulham, Ealing, Kensington_and_Chelsea, Lewisham, Barnet, Camden, Merton"
14875410,The London Residents Club,60,13,"Westminster, Hammersmith_and_Fulham, Kensington_and_Chelsea, Lambeth, Southwark, Islington, Wandsworth, Tower_Hamlets, Kingston_upon_Thames, Camden, Haringey, Lewisham, Greenwich"
157242965,Sandy And Juan,64,13,"Kensington_and_Chelsea, Southwark, Islington, Tower_Hamlets, Camden, Lambeth, Hackney, Westminster, Wandsworth, Brent, Greenwich, Hammersmith_and_Fulham, Newham"
161695688,Grace And Jan,42,13,"City_of_London, Islington, Hammersmith_and_Fulham, Kensington_and_Chelsea, Brent, Camden, Westminster, Greenwich, Southwark, Newham, Lambeth, Tower_Hamlets, Wandsworth"
203207522,Paige And John,72,13,"Lambeth, Tower_Hamlets, Hammersmith_and_Fulham, Islington, Camden, Southwark, City_of_London, Kensington_and_Chelsea, Haringey, Westminster, Brent, Hackney, Lewisham"
21867370,Robert,57,13,"Islington, Southwark, Lambeth, City_of_London, Barnet, Camden, Westminster, Merton, Hackney, Brent, Haringey, Newham, Hillingdon"
23234040,White Rabbit,61,13,"Westminster, Kensington_and_Chelsea, Hammersmith_and_Fulham, Hackney, Lewisham, Wandsworth, Merton, Southwark, Brent, Lambeth, Islington, Camden, Greenwich"
27572615,Emily,136,13,"Hammersmith_and_Fulham, Kensington_and_Chelsea, Camden, Wandsworth, Ealing, Brent, Lambeth, Westminster, Hounslow, Southwark, Merton, Richmond_upon_Thames, Tower_Hamlets"
111104094,Shannon And Max,31,12,"Wandsworth, Southwark, Hounslow, Tower_Hamlets, Lambeth, Hackney, Newham, Islington, Camden, Westminster, Brent, Hammersmith_and_Fulham"
13815070,Guy,29,12,"Wandsworth, Kensington_and_Chelsea, Camden, Richmond_upon_Thames, Hammersmith_and_Fulham, Islington, Westminster, Brent, Tower_Hamlets, Bromley, Merton, Lambeth"
144274898,Alban And Sarah,25,12,"Kensington_and_Chelsea, Westminster, Southwark, Brent, Lambeth, Hackney, Hammersmith_and_Fulham, Tower_Hamlets, Camden, Islington, Ealing, Wandsworth"
190946293,Daniela And Max,40,12,"Kensington_and_Chelsea, Westminster, Wandsworth, Newham, Tower_Hamlets, Hammersmith_and_Fulham, Islington, Hackney, Camden, Lambeth, Southwark, Brent"
198139695,Sophia,34,12,"Camden, Westminster, Southwark, Lambeth, Richmond_upon_Thames, Islington, Tower_Hamlets, Hackney, Hammersmith_and_Fulham, Kensington_and_Chelsea, Wandsworth, Brent"
19826493,Abigeal,31,12,"Redbridge, Tower_Hamlets, Newham, Barking_and_Dagenham, Hackney, Lewisham, Havering, Islington, Greenwich, Westminster, Brent, Hillingdon"
203248950,Myles + Sophie,62,12,"Kensington_and_Chelsea, Hammersmith_and_Fulham, Westminster, Hackney, Islington, Tower_Hamlets, Southwark, Camden, Brent, Wandsworth, Greenwich, Lambeth"
30253178,Regina,26,12,"Southwark, Westminster, Richmond_upon_Thames, Harrow, Camden, Barnet, Greenwich, Tower_Hamlets, Croydon, Hammersmith_and_Fulham, Ealing, Kensington_and_Chelsea"
47542963,Nakul,37,12,"Camden, Southwark, Greenwich, Hackney, Wandsworth, Newham, Hammersmith_and_Fulham, Lambeth, Islington, Tower_Hamlets, Westminster, Kensington_and_Chelsea"
97366167,Almudena & Jan,46,12,"Westminster, Wandsworth, Kensington_and_Chelsea, Southwark, Hackney, Tower_Hamlets, Camden, Hammersmith_and_Fulham, Lambeth, Islington, Newham, Brent"
101037,Sam,18,11,"Kensington_and_Chelsea, Haringey, Islington, Camden, Lambeth, Hackney, Brent, Ealing, Tower_Hamlets, Westminster, Southwark"
1111601,Toby,15,11,"Greenwich, Wandsworth, Hammersmith_and_Fulham, Lambeth, Kensington_and_Chelsea, Haringey, Camden, City_of_London, Westminster, Hackney, Tower_Hamlets"
173009431,Thandie,31,11,"Westminster, Tower_Hamlets, Barking_and_Dagenham, Hackney, Hammersmith_and_Fulham, Southwark, Kensington_and_Chelsea, Camden, Islington, Lambeth, Wandsworth"
92803777,Elaine,37,11,"Westminster, Southwark, Camden, Lambeth, Kensington_and_Chelsea, Ealing, Greenwich, Islington, Tower_Hamlets, Wandsworth, Newham"
156187808,Residently,76,10,"Hackney, Westminster, Tower_Hamlets, Kensington_and_Chelsea, Islington, Lambeth, Camden, Wandsworth, Hammersmith_and_Fulham, Brent"
168342394,Freya,27,10,"Southwark, Tower_Hamlets, Lambeth, Westminster, Kensington_and_Chelsea, Hackney, Hammersmith_and_Fulham, Greenwich, Islington, Wandsworth"
27834248,Dolly,40,10,"Barnet, Islington, Hammersmith_and_Fulham, Westminster, Camden, Tower_Hamlets, Brent, Wandsworth, Kensington_and_Chelsea, Lambeth"
132780496,Shannon And Sally,11,9,"Westminster, Camden, Hammersmith_and_Fulham, Newham, Kensington_and_Chelsea, Lambeth, Islington, Brent, Tower_Hamlets"
1432477,City Relay,161,9,"Hammersmith_and_Fulham, Kensington_and_Chelsea, Camden, Westminster, Lambeth, Ealing, Hounslow, Islington, Brent"
162352928,Nicole And James,18,9,"Kensington_and_Chelsea, Westminster, Southwark, Islington, Hackney, Hammersmith_and_Fulham, Wandsworth, Tower_Hamlets, Lambeth"
20001519,VanZyl,31,9,"Kensington_and_Chelsea, Wandsworth, Hammersmith_and_Fulham, Tower_Hamlets, Camden, Westminster, Lambeth, Islington, Hounslow"
205414887,Kate And Sam,15,9,"Lambeth, Hammersmith_and_Fulham, Kensington_and_Chelsea, Westminster, Lewisham, Hackney, Camden, Tower_Hamlets, Wandsworth"
256757217,Nestify,38,9,"Westminster, Kensington_and_Chelsea, Camden, Hammersmith_and_Fulham, Tower_Hamlets, Southwark, Merton, Islington, Wandsworth"
54987,Prateek,62,9,"Tower_Hamlets, Lambeth, Islington, City_of_London, Hounslow, Camden, Westminster, Southwark, Hackney"
109436913,Sid,53,8,"Tower_Hamlets, Islington, Lambeth, City_of_London, Camden, Hackney, Southwark, Hounslow"
123745971,Especial,32,8,"Tower_Hamlets, City_of_London, Westminster, Camden, Islington, Hackney, Southwark, Hammersmith_and_Fulham"
135381324,Daniel - Interhome,8,8,"Westminster, Kensington_and_Chelsea, Southwark, Croydon, Hounslow, Harrow, Richmond_upon_Thames, Kingston_upon_Thames"
163583804,Olivia,19,8,"Brent, Tower_Hamlets, Camden, Westminster, Islington, Hammersmith_and_Fulham, Kensington_and_Chelsea, Lambeth"
175128252,Gospodin,53,8,"Hackney, Southwark, Hammersmith_and_Fulham, Lambeth, Kensington_and_Chelsea, Lewisham, Harrow, Camden"
178022571,TravelNest,14,8,"Newham, Lambeth, Islington, Camden, Wandsworth, Tower_Hamlets, Westminster, Waltham_Forest"
204935083,Matthew,60,8,"Kensington_and_Chelsea, Westminster, Tower_Hamlets, Wandsworth, Islington, City_of_London, Camden, Merton"
209461575,Richard I - Interhome,78,8,"Islington, Southwark, Tower_Hamlets, Hackney, City_of_London, Lambeth, Camden, Westminster"
230404895,Property,21,8,"Westminster, Lambeth, Ealing, Kensington_and_Chelsea, Barnet, Brent, Hammersmith_and_Fulham, Camden"
9063235,Roomspace,12,8,"Hounslow, Ealing, Croydon, Redbridge, City_of_London, Merton, Sutton, Richmond_upon_Thames"
988379,Allô,51,8,"Wandsworth, Merton, Hammersmith_and_Fulham, Camden, Barking_and_Dagenham, Islington, Westminster, Havering"
10961046,Guy,90,7,"Kensington_and_Chelsea, Westminster, Hammersmith_and_Fulham, Wandsworth, Southwark, Lambeth, Camden"
125334787,United Apartments,35,7,"City_of_London, Southwark, Hackney, Islington, Westminster, Camden, Tower_Hamlets"
145952198,Sebastian,27,7,"Hounslow, Hammersmith_and_Fulham, Kensington_and_Chelsea, Lambeth, Westminster, Islington, Wandsworth"
176910904,Alan,72,7,"Wandsworth, Camden, Kensington_and_Chelsea, Westminster, Brent, Ealing, Hackney"
184761028,Aaron,29,7,"Hillingdon, Ealing, Brent, Barnet, Wandsworth, Merton, Camden"
219870898,Shannon,11,7,"Hammersmith_and_Fulham, Westminster, Southwark, Camden, Newham, City_of_London, Kensington_and_Chelsea"
221577772,Hassan,9,7,"Hackney, Southwark, Newham, Westminster, Camden, Hammersmith_and_Fulham, Greenwich"
230373260,Yusuf,13,7,"Islington, Haringey, Camden, Hackney, Enfield, Tower_Hamlets, Barnet"
250186288,Stay With Fred,7,7,"Southwark, Newham, Islington, City_of_London, Hammersmith_and_Fulham, Greenwich, Lambeth"
302657,Eti & Daniel,14,7,"Camden, City_of_London, Barnet, Kensington_and_Chelsea, Hammersmith_and_Fulham, Tower_Hamlets, Islington"
478692,Temi From Scion Property Management,15,7,"Camden, Westminster, Barnet, Tower_Hamlets, Hammersmith_and_Fulham, Brent, Kensington_and_Chelsea"
50291093,Mar,113,7,"Tower_Hamlets, Islington, City_of_London, Camden, Lambeth, Southwark, Hackney"
50425595,Happyguest,13,7,"Kensington_and_Chelsea, Camden, Southwark, Tower_Hamlets, Barnet, Westminster, Lambeth"
67625,The Team At The London Agent,18,7,"Camden, Islington, Kensington_and_Chelsea, Westminster, Hammersmith_and_Fulham, Lambeth, Tower_Hamlets"
922398,Martina,30,7,"Islington, City_of_London, Tower_Hamlets, Southwark, Camden, Hackney, Lambeth"
10433541,Filip,7,6,"Camden, Lambeth, City_of_London, Hammersmith_and_Fulham, Westminster, Newham"
11904943,Ayna,19,6,"Newham, Tower_Hamlets, Lambeth, Westminster, Southwark, Ealing"
124754167,Marc,6,6,"Newham, Islington, Lambeth, Waltham_Forest, Hackney, Kensington_and_Chelsea"
129230780,Krasimir,28,6,"Westminster, Ealing, Hackney, Hammersmith_and_Fulham, Lewisham, Southwark"
14201109,Beulah,8,6,"Hackney, Tower_Hamlets, Wandsworth, Newham, Hammersmith_and_Fulham, Redbridge"
142216086,Sacha Graham,7,6,"Tower_Hamlets, Hammersmith_and_Fulham, Westminster, Wandsworth, Hackney, Waltham_Forest"
160838291,Captain & Captain,14,6,"Westminster, Haringey, Tower_Hamlets, Islington, Camden, Hillingdon"
161586819,Daniel,7,6,"Hammersmith_and_Fulham, Westminster, Tower_Hamlets, Lambeth, Southwark, Islington"
162651986,Rachel,12,6,"Tower_Hamlets, Islington, Camden, City_of_London, Newham, Kensington_and_Chelsea"
1836897,Angie,33,6,"Hackney, Camden, Southwark, Tower_Hamlets, Westminster, City_of_London"
199988898,Marco,8,6,"Kensington_and_Chelsea, Hammersmith_and_Fulham, Hounslow, City_of_London, Westminster, Camden"
20648813,Darryl,47,6,"Tower_Hamlets, City_of_London, Camden, Hammersmith_and_Fulham, Lambeth, Westminster"
209020721,Algirdas,12,6,"Islington, Westminster, Tower_Hamlets, Hackney, Lambeth, Brent"
218940007,James,14,6,"Camden, Islington, Westminster, Tower_Hamlets, Hackney, City_of_London"
219610650,Diana And John,36,6,"Kensington_and_Chelsea, Westminster, Wandsworth, Hammersmith_and_Fulham, Lambeth, City_of_London"
224930553,Richard,8,6,"Wandsworth, Lambeth, Southwark, Kensington_and_Chelsea, Westminster, Tower_Hamlets"
235577341,Thalita,23,6,"Hammersmith_and_Fulham, Tower_Hamlets, Westminster, Southwark, Camden, Hackney"
236311107,Ben,16,6,"Westminster, Camden, Tower_Hamlets, Southwark, Lambeth, Brent"
24364444,Roman,14,6,"Southwark, Westminster, Camden, Tower_Hamlets, Brent, Hackney"
2634160,Raul&Carol,17,6,"Kensington_and_Chelsea, Hammersmith_and_Fulham, Westminster, Lambeth, Hackney, Wandsworth"
263825202,Flexy,14,6,"Islington, Westminster, Camden, Hackney, Tower_Hamlets, Hammersmith_and_Fulham"
28886982,Fran,8,6,"Lambeth, Wandsworth, Hackney, Camden, Islington, Greenwich"
3691056,Galina & Roman,8,6,"Camden, Wandsworth, Westminster, Southwark, Tower_Hamlets, Hackney"
3875323,Lee,15,6,"Lambeth, Camden, Southwark, Westminster, Wandsworth, Lewisham"
40421915,Leo & Angelo,19,6,"Brent, Westminster, Camden, Islington, Kensington_and_Chelsea, Hammersmith_and_Fulham"
7258745,Caroline - My London Trip,34,6,"Kensington_and_Chelsea, Westminster, Brent, Camden, City_of_London, Islington"
72854398,Deepti,7,6,"Kensington_and_Chelsea, Tower_Hamlets, Islington, Westminster, Hackney, Camden"
77455943,Cindy,7,6,"Ealing, Lambeth, Hackney, Kensington_and_Chelsea, Islington, Southwark"
78404943,Chris,25,6,"Harrow, Camden, Kensington_and_Chelsea, Tower_Hamlets, Westminster, Croydon"
10388070,Richard,5,5,"Lewisham, Barnet, Tower_Hamlets, Waltham_Forest, Hounslow"
105003602,Alex,16,5,"Westminster, Camden, Kensington_and_Chelsea, Merton, Hackney"
10548134,David,13,5,"Tower_Hamlets, Kensington_and_Chelsea, Westminster, Newham, Southwark"
107890431,Stefano,7,5,"Wandsworth, Southwark, Islington, Camden, Hammersmith_and_Fulham"
10795222,Shady,15,5,"Tower_Hamlets, Westminster, Hammersmith_and_Fulham, Kensington_and_Chelsea, Islington"
109994436,Ed,66,5,"Westminster, Lambeth, Kensington_and_Chelsea, Camden, Barnet"
110643190,Christopher,8,5,"Westminster, Islington, Hackney, Southwark, Camden"
11570657,Elena,5,5,"Westminster, Tower_Hamlets, Camden, Hackney, Wandsworth"
119267530,Amy,20,5,"Southwark, Westminster, Tower_Hamlets, Lambeth, Islington"
1251704,Alice,68,5,"Westminster, Camden, Kensington_and_Chelsea, City_of_London, Islington"
131670745,Cristian,22,5,"Southwark, Hammersmith_and_Fulham, Hounslow, Wandsworth, Westminster"
133204013,Lorrayne,10,5,"Camden, Tower_Hamlets, Westminster, Southwark, Islington"
136793374,Sarah,7,5,"Croydon, Tower_Hamlets, Bromley, Lambeth, Greenwich"
138932380,Kingsley,52,5,"Westminster, Kensington_and_Chelsea, Camden, Hackney, Islington"
1425784,Cecile,61,5,"Southwark, Hackney, Camden, Tower_Hamlets, Lambeth"
144246094,Richard,22,5,"Kensington_and_Chelsea, Westminster, Camden, Wandsworth, Brent"
14517363,Adeel,12,5,"Newham, Southwark, Greenwich, Tower_Hamlets, Lewisham"
148075562,Alfred,68,5,"Westminster, Lambeth, Kensington_and_Chelsea, Camden, Barnet"
150125438,Tom,18,5,"Kensington_and_Chelsea, Westminster, Hammersmith_and_Fulham, Lambeth, Southwark"
15131437,Heritage Aparment Rentals,20,5,"Camden, Kensington_and_Chelsea, Westminster, Hammersmith_and_Fulham, Wandsworth"
15411688,Robin,29,5,"Hammersmith_and_Fulham, Kensington_and_Chelsea, Westminster, Hounslow, Lambeth"
16656623,Dayalan,21,5,"Ealing, Barnet, Brent, Kensington_and_Chelsea, Camden"
174121705,Ben,5,5,"Islington, Hammersmith_and_Fulham, Westminster, Lambeth, Kensington_and_Chelsea"
1797656,Ateeq,22,5,"Westminster, Greenwich, Hammersmith_and_Fulham, Camden, Kensington_and_Chelsea"
181417008,Ben,7,5,"Tower_Hamlets, Haringey, Southwark, Hammersmith_and_Fulham, Kensington_and_Chelsea"
183841172,Anke,15,5,"Westminster, Barking_and_Dagenham, Southwark, Bromley, Croydon"
193289997,Hari,12,5,"Westminster, Kensington_and_Chelsea, Lambeth, Southwark, Camden"
203336482,Gabriella,30,5,"Westminster, Camden, Brent, Hammersmith_and_Fulham, Hackney"
215019117,Bee My Guest,8,5,"Camden, Tower_Hamlets, Westminster, Hammersmith_and_Fulham, Southwark"
218352235,Sarah And John,5,5,"Hammersmith_and_Fulham, Wandsworth, Ealing, Newham, Islington"
2198860,Berry,21,5,"Tower_Hamlets, Westminster, Hammersmith_and_Fulham, Kensington_and_Chelsea, Islington"
220073388,Kelsey,29,5,"Southwark, Lambeth, Lewisham, Tower_Hamlets, Greenwich"
221016092,Millennium,7,5,"Hammersmith_and_Fulham, Tower_Hamlets, Lambeth, Westminster, Islington"
22121493,Alex,5,5,"Hounslow, Lambeth, Camden, Hillingdon, Westminster"
224866971,Sonder (London),114,5,"Westminster, Camden, Islington, Hackney, Kensington_and_Chelsea"
225018707,Stay,6,5,"Lambeth, Westminster, Islington, Camden, Hammersmith_and_Fulham"
23176511,Robert - Great Place To Stay,13,5,"Kensington_and_Chelsea, Wandsworth, Westminster, Hounslow, Ealing"
2550951,Rebekah,9,5,"Westminster, Hackney, Camden, Haringey, Waltham_Forest"
269240750,Archie & Lisa,6,5,"Ealing, Wandsworth, Islington, Brent, Lambeth"
27808855,Oliver,6,5,"Wandsworth, Tower_Hamlets, Kensington_and_Chelsea, Southwark, Hammersmith_and_Fulham"
33421573,Paula,12,5,"Westminster, Southwark, Camden, Tower_Hamlets, Lambeth"
36943329,Teodora,6,5,"Islington, Southwark, Lambeth, Hackney, Hammersmith_and_Fulham"
3747398,Skyfall,27,5,"Tower_Hamlets, Hackney, Westminster, Kensington_and_Chelsea, Wandsworth"
40428297,Gerald,11,5,"Camden, Kensington_and_Chelsea, Lambeth, Tower_Hamlets, City_of_London"
45441508,Harley,10,5,"Lambeth, Wandsworth, Kensington_and_Chelsea, Hammersmith_and_Fulham, Westminster"
46362642,Kelly,11,5,"Camden, Westminster, Southwark, Tower_Hamlets, Kensington_and_Chelsea"
47623866,Thinh,34,5,"Westminster, Kensington_and_Chelsea, Tower_Hamlets, Camden, Islington"
570672,Andy,15,5,"Westminster, City_of_London, Camden, Islington, Tower_Hamlets"
58828772,Panos,85,5,"Camden, Kensington_and_Chelsea, Westminster, Hammersmith_and_Fulham, Islington"
68183977,Luca,13,5,"Bromley, Westminster, Tower_Hamlets, Southwark, Hackney"
96036044,Monika,8,5,"Lewisham, Hackney, Southwark, Westminster, Enfield"
99058393,Sumeet,19,5,"Westminster, Tower_Hamlets, Hammersmith_and_Fulham, Kensington_and_Chelsea, Camden"
99733888,Robert & Team,12,5,"Southwark, Camden, Westminster, Kensington_and_Chelsea, Islington"
1009465,Serena,5,4,"Lambeth, Westminster, Kensington_and_Chelsea, Hammersmith_and_Fulham"
10301575,Robert,6,4,"Merton, Lambeth, Westminster, Kensington_and_Chelsea"
103394542,Ola,15,4,"Barnet, Westminster, Brent, Camden"
105908716,Angela Walker,22,4,"Kensington_and_Chelsea, Tower_Hamlets, Westminster, City_of_London"
113030835,Anthony,12,4,"Merton, Westminster, Lambeth, Wandsworth"
114635297,Lazer,6,4,"Hammersmith_and_Fulham, Hackney, Tower_Hamlets, Southwark"
119463580,Jean,30,4,"Camden, Southwark, Hackney, Tower_Hamlets"
120237007,Alberto,12,4,"Wandsworth, Islington, Camden, Hammersmith_and_Fulham"
120240035,Konnie,49,4,"Hackney, Newham, Lewisham, Kensington_and_Chelsea"
121684976,Justin,19,4,"Kensington_and_Chelsea, Westminster, Wandsworth, Camden"
12243051,Sonder,72,4,"Hackney, Islington, Camden, Westminster"
122890980,Sam,5,4,"Hackney, Brent, City_of_London, Camden"
124013560,Teresa,65,4,"Richmond_upon_Thames, Tower_Hamlets, City_of_London, Westminster"
128659370,Stephanie,60,4,"Hammersmith_and_Fulham, Westminster, Kensington_and_Chelsea, Wandsworth"
129604820,Satty,15,4,"Westminster, Tower_Hamlets, Hammersmith_and_Fulham, Camden"
131879863,Andrew,5,4,"Hammersmith_and_Fulham, Westminster, Southwark, Kensington_and_Chelsea"
134883983,Urai,8,4,"Tower_Hamlets, Wandsworth, Lewisham, Westminster"
135969957,Emran,98,4,"Hackney, Tower_Hamlets, Westminster, Islington"
139900567,Janet,6,4,"City_of_London, Ealing, Hackney, Tower_Hamlets"
140416243,Michela,4,4,"Hackney, Kensington_and_Chelsea, Tower_Hamlets, Southwark"
14183645,Edison,19,4,"Southwark, Lambeth, Lewisham, Westminster"
142504860,Chris & Sam,6,4,"Camden, Tower_Hamlets, City_of_London, Hackney"
142570782,Holiday,38,4,"Tower_Hamlets, Westminster, Hackney, Islington"
143758259,VacayHome Connect,10,4,"City_of_London, Tower_Hamlets, Westminster, Kensington_and_Chelsea"
14685880,Hazel,6,4,"Greenwich, Havering, Hackney, Barking_and_Dagenham"
148113174,Diogo,7,4,"Tower_Hamlets, Westminster, Camden, Hackney"
148362408,Nicolas,8,4,"Kensington_and_Chelsea, Camden, Westminster, Tower_Hamlets"
149362525,Short Let,56,4,"Westminster, Lambeth, Kensington_and_Chelsea, Camden"
152064486,Obi,27,4,"Tower_Hamlets, Westminster, Hammersmith_and_Fulham, Newham"
152312809,Daniele,21,4,"Tower_Hamlets, Hammersmith_and_Fulham, Islington, Southwark"
1525880,AW Team,31,4,"Camden, Tower_Hamlets, Southwark, Brent"
15298430,Leonardo,5,4,"Hammersmith_and_Fulham, Southwark, Hounslow, Wandsworth"
153229519,Ana Paula,30,4,"Camden, Tower_Hamlets, Westminster, Kensington_and_Chelsea"
153817493,Denny,7,4,"Camden, Hackney, Westminster, Islington"
154668690,Andrew,64,4,"Lambeth, Westminster, Kensington_and_Chelsea, Camden"
158840966,Myondonholidaylet,4,4,"Lewisham, Westminster, Barnet, Kensington_and_Chelsea"
158891383,Chris & Sam,6,4,"Islington, Camden, Brent, Hammersmith_and_Fulham"
159589483,Mark,5,4,"Westminster, Wandsworth, Camden, Southwark"
163007820,Ray,20,4,"Harrow, Barnet, Westminster, Hammersmith_and_Fulham"
163083341,Rokas,10,4,"Croydon, Islington, Tower_Hamlets, Newham"
163201187,Anna,19,4,"Tower_Hamlets, Islington, Camden, Kensington_and_Chelsea"
163577058,Iwona,22,4,"Haringey, Camden, Islington, Westminster"
16385381,Sara & Amir,4,4,"Richmond_upon_Thames, Tower_Hamlets, Wandsworth, Westminster"
165675868,Venus,56,4,"Westminster, Kensington_and_Chelsea, Hammersmith_and_Fulham, Camden"
166404314,Janine,18,4,"Kensington_and_Chelsea, Camden, Westminster, Islington"
166617599,Ben,40,4,"Wandsworth, Westminster, Barnet, Camden"
167517751,Janka,26,4,"Southwark, Westminster, Lambeth, Croydon"
17279844,Tijana,8,4,"Hammersmith_and_Fulham, Westminster, Southwark, City_of_London"
174572485,Timea,30,4,"Islington, Camden, Tower_Hamlets, City_of_London"
17539274,Zion,15,4,"Hammersmith_and_Fulham, Kensington_and_Chelsea, Ealing, Hounslow"
175623118,Amy,6,4,"Westminster, Ealing, Brent, Lewisham"
17911918,James,29,4,"City_of_London, Kensington_and_Chelsea, Westminster, Wandsworth"
179443372,London Accommodations,6,4,"Hackney, Kensington_and_Chelsea, Westminster, Tower_Hamlets"
18027936,Lee,14,4,"Kensington_and_Chelsea, Westminster, Hammersmith_and_Fulham, Wandsworth"
186031401,Sandra,15,4,"Westminster, Camden, Kensington_and_Chelsea, Hammersmith_and_Fulham"
190315203,Sanjay,9,4,"Harrow, Tower_Hamlets, Ealing, Greenwich"
193397414,Airme,5,4,"Wandsworth, Westminster, Southwark, Lambeth"
195155868,Louis And Magdalene,5,4,"Kensington_and_Chelsea, Islington, Westminster, Hammersmith_and_Fulham"
19583485,Lisa,10,4,"Islington, Southwark, Hammersmith_and_Fulham, Camden"
203941630,Ben,12,4,"Hammersmith_and_Fulham, Islington, City_of_London, Tower_Hamlets"
204242376,Dimitry,35,4,"Kensington_and_Chelsea, Hackney, Westminster, Camden"
208447001,Edward,8,4,"Westminster, Hammersmith_and_Fulham, Kensington_and_Chelsea, Ealing"
2090844,Michele,12,4,"Wandsworth, Lambeth, Camden, Lewisham"
209445285,Raquel & Rico,8,4,"Islington, Tower_Hamlets, Lambeth, Southwark"
21083998,Fabio,42,4,"Westminster, Tower_Hamlets, Camden, Kensington_and_Chelsea"
212199911,Nadia,4,4,"Camden, Islington, Kensington_and_Chelsea, Tower_Hamlets"
213343432,Lucas,12,4,"Tower_Hamlets, Hammersmith_and_Fulham, Wandsworth, Newham"
215869386,Steven,8,4,"Kensington_and_Chelsea, Islington, Southwark, Camden"
216472668,Flander,10,4,"Camden, Tower_Hamlets, Brent, Southwark"
219607756,Joe,11,4,"Islington, Hackney, Haringey, Camden"
22115472,Maya,11,4,"Westminster, Camden, Kensington_and_Chelsea, Hammersmith_and_Fulham"
221357332,Lavanda,16,4,"Kensington_and_Chelsea, Westminster, Brent, Islington"
222618341,M,6,4,"Islington, Hackney, Westminster, City_of_London"
224774243,Ines,13,4,"Westminster, Camden, Islington, Lewisham"
224967268,Jawad,34,4,"Tower_Hamlets, City_of_London, Islington, Greenwich"
226804666,Miroslav,53,4,"Southwark, Lewisham, Hammersmith_and_Fulham, Harrow"
227301069,Joshua,8,4,"Tower_Hamlets, Westminster, Camden, Hammersmith_and_Fulham"
228345224,Emily & The Air Peace Of Mind Team,17,4,"Kensington_and_Chelsea, Hammersmith_and_Fulham, Wandsworth, Westminster"
228900020,Will,6,4,"Ealing, Hammersmith_and_Fulham, Islington, Kensington_and_Chelsea"
230340424,Evgenia,8,4,"Wandsworth, Ealing, Tower_Hamlets, Islington"
2338892,Dany,27,4,"Camden, Islington, Tower_Hamlets, Hackney"
236261723,Curiosity London Accommodation!,45,4,"Westminster, Kensington_and_Chelsea, Lambeth, Camden"
237078220,Chris & Sam,4,4,"Hammersmith_and_Fulham, Wandsworth, Brent, Kensington_and_Chelsea"
23966399,Belal,12,4,"Brent, Westminster, Hammersmith_and_Fulham, Camden"
242487770,Anita,15,4,"Westminster, Camden, City_of_London, Tower_Hamlets"
24366999,Sole,16,4,"Camden, Kensington_and_Chelsea, Westminster, Wandsworth"
244157601,Dimitry,27,4,"Westminster, Kensington_and_Chelsea, Hackney, Camden"
24603454,Thomas,29,4,"Camden, Tower_Hamlets, Westminster, Kensington_and_Chelsea"
248034547,Rosetta,26,4,"Newham, Hammersmith_and_Fulham, Westminster, Tower_Hamlets"
24947271,VV Properties,5,4,"Kensington_and_Chelsea, Hammersmith_and_Fulham, Westminster, Barnet"
249697480,Najoua,19,4,"Islington, Tower_Hamlets, Hackney, Haringey"
25110951,Sverrir & Vesta,17,4,"Hammersmith_and_Fulham, Westminster, Kensington_and_Chelsea, Merton"
251165157,Stay,7,4,"Westminster, Hammersmith_and_Fulham, Hackney, Camden"
251485737,Peymans,21,4,"Westminster, Hillingdon, Ealing, Kensington_and_Chelsea"
251773669,Andrea,4,4,"Hammersmith_and_Fulham, Wandsworth, Westminster, Kensington_and_Chelsea"
25357561,Madeline,29,4,"Camden, Islington, Tower_Hamlets, City_of_London"
254057394,India,4,4,"Westminster, Kensington_and_Chelsea, Camden, Southwark"
25464871,Marcus + Joanna,7,4,"Westminster, Hammersmith_and_Fulham, Lambeth, Kensington_and_Chelsea"
255384070,Igors,5,4,"Greenwich, Southwark, Hackney, Islington"
258154594,Atanas,8,4,"Tower_Hamlets, Islington, Kensington_and_Chelsea, Hackney"
26528019,Sara,12,4,"Kensington_and_Chelsea, Islington, Camden, Tower_Hamlets"
268820851,Safiye,8,4,"Camden, Tower_Hamlets, Haringey, Enfield"
30961115,Timothy,42,4,"Kensington_and_Chelsea, Westminster, Camden, Hammersmith_and_Fulham"
3109728,Bart,18,4,"Camden, Islington, Westminster, Tower_Hamlets"
32674548,Massimo,6,4,"Hammersmith_and_Fulham, Kensington_and_Chelsea, Westminster, Camden"
33420433,Emilia,10,4,"Westminster, City_of_London, Tower_Hamlets, Camden"
33433857,Riccardo,8,4,"City_of_London, Lambeth, Camden, Tower_Hamlets"
37056489,Will,18,4,"Hammersmith_and_Fulham, Southwark, Kensington_and_Chelsea, Westminster"
39225820,Francesco,12,4,"Westminster, Camden, Lambeth, Tower_Hamlets"
42150975,Sanjay,17,4,"Newham, Brent, Tower_Hamlets, Waltham_Forest"
42302635,JackMig & Will Airrooms,18,4,"Islington, Tower_Hamlets, Camden, Kensington_and_Chelsea"
43181771,Hayley & Marco,10,4,"Southwark, Hammersmith_and_Fulham, Barnet, Kensington_and_Chelsea"
43935156,Angela,40,4,"Islington, City_of_London, Westminster, Camden"
441494,Fernando,5,4,"Westminster, Tower_Hamlets, Kensington_and_Chelsea, Southwark"
44679311,Mehdi,65,4,"Westminster, Lambeth, Kensington_and_Chelsea, Barnet"
45990563,Alejandra,6,4,"Westminster, Hackney, Camden, Islington"
467757,James,11,4,"Kensington_and_Chelsea, Islington, Camden, Westminster"
47609036,Ben,18,4,"Islington, Tower_Hamlets, Camden, City_of_London"
48165024,William Hemming Associates Ltd,164,4,"Kensington_and_Chelsea, Westminster, Barnet, Brent"
48571576,Chris,26,4,"Camden, Westminster, Brent, Enfield"
49851295,SunnyBay,17,4,"Merton, Wandsworth, Kensington_and_Chelsea, Hammersmith_and_Fulham"
49992531,Bill,10,4,"Kensington_and_Chelsea, Hammersmith_and_Fulham, Richmond_upon_Thames, Camden"
50106435,Assaf And Kim,7,4,"Westminster, Kensington_and_Chelsea, Camden, Islington"
5447640,David & Deborah,4,4,"Camden, Islington, Kensington_and_Chelsea, Wandsworth"
59317364,Emma,6,4,"Kensington_and_Chelsea, Camden, Wandsworth, Westminster"
59632742,Damian,14,4,"Hounslow, Richmond_upon_Thames, Lewisham, Southwark"
63293666,Atanas,37,4,"Westminster, Kensington_and_Chelsea, Southwark, Lewisham"
79001096,Sisi,4,4,"Ealing, Westminster, Tower_Hamlets, Hammersmith_and_Fulham"
79087724,Anna,7,4,"Tower_Hamlets, Lewisham, Greenwich, Bromley"
81257959,Easy,25,4,"Kensington_and_Chelsea, Hammersmith_and_Fulham, Westminster, Tower_Hamlets"
8368940,Dilek,6,4,"Waltham_Forest, Camden, Hackney, Islington"
83740964,Ali,102,4,"Westminster, Camden, Kensington_and_Chelsea, Ealing"
83933819,Lydia,9,4,"Southwark, Westminster, Lambeth, Tower_Hamlets"
86055398,Verena & Paul,6,4,"Westminster, Kensington_and_Chelsea, Lambeth, Camden"
871053,Doreen &  Nichola,5,4,"Lambeth, Wandsworth, Merton, Croydon"
87794098,Sam And Chris,5,4,"Hackney, Islington, Camden, Brent"
90430288,Ema & Simon,7,4,"Westminster, Hammersmith_and_Fulham, Tower_Hamlets, Kensington_and_Chelsea"
9066630,Toby,38,4,"City_of_London, Camden, Westminster, Lambeth"
94250766,Galina,54,4,"Westminster, Lambeth, Kensington_and_Chelsea, Hammersmith_and_Fulham"
96333789,Sam,7,4,"Hackney, Islington, Brent, Camden"
96706502,Anna,8,4,"Westminster, Camden, Newham, Barnet"
97206133,An,40,4,"Kensington_and_Chelsea, Westminster, Ealing, Camden"
99728490,Anna,7,4,"Ealing, Tower_Hamlets, Southwark, Richmond_upon_Thames"
1016331,Kyle,8,3,"Hackney, Camden, Islington"
104507582,Donna,9,3,"Hammersmith_and_Fulham, Ealing, Westminster"
105125907,Sam And Hanna,5,3,"City_of_London, Hackney, Camden"
106003879,Judith,4,3,"Islington, Brent, Camden"
108184637,Ayman,12,3,"Croydon, Lambeth, Wandsworth"
109385731,Federico,11,3,"Tower_Hamlets, Camden, Kensington_and_Chelsea"
1095316,Sammy,6,3,"Camden, Westminster, Kensington_and_Chelsea"
109778834,Adri,23,3,"Brent, Ealing, Hammersmith_and_Fulham"
109942732,Michael & Joseph,5,3,"Camden, Lambeth, Westminster"
110181866,Tricia,4,3,"Westminster, Greenwich, Southwark"
110250725,Christina,36,3,"Westminster, Kensington_and_Chelsea, Camden"
111121666,Rufus,4,3,"Westminster, Islington, Kensington_and_Chelsea"
11131496,H House Property,12,3,"Westminster, Kensington_and_Chelsea, Camden"
112066727,Janylsyn,6,3,"Camden, Hounslow, Ealing"
112509686,Ivan & Family,26,3,"Camden, Kensington_and_Chelsea, Islington"
113385378,Amjid,3,3,"Camden, Hammersmith_and_Fulham, Brent"
11621858,Smitty And Mel,4,3,"Camden, City_of_London, Hammersmith_and_Fulham"
117626913,Glenn,9,3,"Merton, Westminster, Camden"
117759084,Kalin,7,3,"Hammersmith_and_Fulham, Kensington_and_Chelsea, Wandsworth"
117918911,John,3,3,"Camden, Hackney, Westminster"
118849090,Peter,13,3,"Westminster, Camden, Southwark"
120045094,Sam N Martha,4,3,"Hackney, Brent, Camden"
122109164,Birute,9,3,"Tower_Hamlets, Islington, Hackney"
122573468,Moe,15,3,"Westminster, Hammersmith_and_Fulham, Kensington_and_Chelsea"
122820136,"Sam, Joe",7,3,"City_of_London, Camden, Brent"
122830214,Alisa&Arturs,10,3,"Kensington_and_Chelsea, Westminster, Merton"
124969029,Ben,6,3,"Southwark, Tower_Hamlets, Camden"
1289812,Alisa,6,3,"Brent, Westminster, Kensington_and_Chelsea"
129547997,Harriet,5,3,"Hackney, Islington, Haringey"
12979446,Aaron,3,3,"Tower_Hamlets, Westminster, Camden"
129836997,Lucy & Rico,4,3,"Westminster, Southwark, Kensington_and_Chelsea"
130082169,Cezar,6,3,"Hammersmith_and_Fulham, Westminster, Southwark"
1310077,Elizabeth And Carl,11,3,"Westminster, Kensington_and_Chelsea, Lambeth"
13107990,Judi,4,3,"Hammersmith_and_Fulham, Westminster, Kensington_and_Chelsea"
131923458,Karmal,4,3,"Lambeth, Hammersmith_and_Fulham, Hackney"
132581311,Clémentine,22,3,"Camden, Westminster, Kensington_and_Chelsea"
132788643,Shannon,3,3,"Westminster, Tower_Hamlets, Islington"
133064942,Canguro Properties,10,3,"Kensington_and_Chelsea, Westminster, Camden"
134721761,Sharon,7,3,"Kensington_and_Chelsea, Westminster, Hammersmith_and_Fulham"
13483935,Kamran,6,3,"Tower_Hamlets, Newham, Waltham_Forest"
135336101,Eleanor,13,3,"Hammersmith_and_Fulham, Westminster, Kensington_and_Chelsea"
135543044,Stephen,15,3,"Barnet, Waltham_Forest, Southwark"
13557337,Kindle Assets,93,3,"Tower_Hamlets, Hackney, Newham"
13717578,German,6,3,"Kensington_and_Chelsea, Westminster, Hammersmith_and_Fulham"
13770205,Stephen,19,3,"Tower_Hamlets, Southwark, Wandsworth"
138279907,John,4,3,"Wandsworth, Southwark, Brent"
138878486,Oliver,9,3,"Kensington_and_Chelsea, Westminster, Hammersmith_and_Fulham"
139459869,Carlos,3,3,"Hammersmith_and_Fulham, Ealing, Brent"
139834210,James,4,3,"Camden, Tower_Hamlets, Hammersmith_and_Fulham"
140393195,Carl,21,3,"Merton, Lambeth, Wandsworth"
1408974,Hugh,7,3,"Islington, Tower_Hamlets, Hackney"
141491457,Rick,8,3,"Westminster, Camden, Kensington_and_Chelsea"
144430839,Jeni,7,3,"Hackney, Islington, Haringey"
144730993,Villaalma,16,3,"Camden, Kensington_and_Chelsea, Westminster"
144786680,Eddy,26,3,"Lewisham, Lambeth, Southwark"
144932258,London,5,3,"Hounslow, Hammersmith_and_Fulham, Westminster"
146444615,Luke,10,3,"Camden, Tower_Hamlets, Hackney"
147324789,Maggie And Lawrence,7,3,"Westminster, Islington, Kensington_and_Chelsea"
148063644,Nik,6,3,"Camden, Islington, Kensington_and_Chelsea"
149102176,Karen,16,3,"Islington, Camden, Westminster"
149688008,Duda,19,3,"Lambeth, Hackney, Kensington_and_Chelsea"
150257204,Mem,11,3,"Westminster, Camden, Haringey"
151237787,Emma & Rico,3,3,"Camden, Kensington_and_Chelsea, Southwark"
151302378,Monika,3,3,"Hammersmith_and_Fulham, Camden, Kensington_and_Chelsea"
1517803,Hilmi,24,3,"Hackney, Tower_Hamlets, City_of_London"
152889228,Oya,10,3,"Lambeth, Westminster, Tower_Hamlets"
153138969,Deny,4,3,"Camden, Lambeth, Westminster"
153909397,Elena,10,3,"Kensington_and_Chelsea, Westminster, Camden"
154083860,Andrea,8,3,"Barnet, Haringey, Westminster"
154958846,Qawiyy,10,3,"Newham, Tower_Hamlets, Barking_and_Dagenham"
15686300,Dorelly,4,3,"Hackney, Haringey, Islington"
156956264,Kerry And Joseph,4,3,"Westminster, Kensington_and_Chelsea, Camden"
157184570,Julia,15,3,"Westminster, Kensington_and_Chelsea, Camden"
15733962,Essi,6,3,"Kensington_and_Chelsea, Westminster, Wandsworth"
157426109,David,7,3,"Lewisham, Southwark, Islington"
157954735,Celina,10,3,"Newham, Tower_Hamlets, Southwark"
158032229,Alvaro,9,3,"Westminster, Kensington_and_Chelsea, Islington"
158694308,London Getaway Apartments,9,3,"Westminster, Camden, Kensington_and_Chelsea"
158895056,Sam/Chris,5,3,"Camden, Brent, Tower_Hamlets"
158900512,Sam And Maria,5,3,"Tower_Hamlets, Camden, Brent"
1590736,Candee,3,3,"Lewisham, Southwark, Ealing"
1591664,Boris,21,3,"Tower_Hamlets, Islington, Hackney"
15990831,Sergio,9,3,"Tower_Hamlets, Camden, Newham"
160262873,Zhuoli,3,3,"Westminster, Lambeth, Camden"
1616720,Anna,16,3,"Brent, Camden, Westminster"
162214874,Srl,3,3,"Redbridge, Tower_Hamlets, Newham"
162551355,Chris,4,3,"Kensington_and_Chelsea, Hammersmith_and_Fulham, Wandsworth"
162670539,Sabiha,20,3,"Tower_Hamlets, Hackney, Redbridge"
163151766,Sweet Inn,43,3,"Kensington_and_Chelsea, Camden, Westminster"
167324725,The Residences,24,3,"Kensington_and_Chelsea, Westminster, Lambeth"
167345716,Martin,29,3,"Tower_Hamlets, Westminster, Islington"
167604439,Hue,9,3,"Camden, Islington, Kensington_and_Chelsea"
167937848,Zara And Robert,18,3,"Westminster, Camden, Kensington_and_Chelsea"
167998875,Julio,6,3,"Hackney, Wandsworth, Lambeth"
168364544,Italianflat,5,3,"Camden, Hammersmith_and_Fulham, Kensington_and_Chelsea"
170645351,Danilo,9,3,"Westminster, Islington, Camden"
17070353,Andy,3,3,"Lewisham, Southwark, Newham"
170734667,Monica And Daniel,5,3,"Hammersmith_and_Fulham, Kensington_and_Chelsea, Westminster"
17124465,Jakub,7,3,"Westminster, Southwark, Lambeth"
172457906,Q Apartments,10,3,"Hackney, Tower_Hamlets, Kensington_and_Chelsea"
173177138,Mylo Apartments,11,3,"Wandsworth, Lambeth, Tower_Hamlets"
173635808,John,18,3,"Brent, Camden, Islington"
174734234,Thomas,7,3,"Westminster, Camden, Kensington_and_Chelsea"
175535918,Gytis,7,3,"Newham, Camden, Tower_Hamlets"
17653494,Aneel,5,3,"Camden, Southwark, Tower_Hamlets"
17873004,Gabe,6,3,"Islington, Southwark, Camden"
179992254,Maria,6,3,"Westminster, Newham, Tower_Hamlets"
180640377,Robby,12,3,"Westminster, Hammersmith_and_Fulham, Camden"
18238791,Vishnia,3,3,"Kensington_and_Chelsea, Islington, Camden"
182759204,Endrit,6,3,"Westminster, Tower_Hamlets, Kensington_and_Chelsea"
1839548,Giovanni,6,3,"Westminster, Lambeth, Camden"
185136424,Nadezhda,5,3,"Hammersmith_and_Fulham, Ealing, Hounslow"
185898036,Flavio,3,3,"Camden, Tower_Hamlets, Westminster"
186619379,Funda,3,3,"Islington, Greenwich, Redbridge"
188667364,Liana,3,3,"Brent, Islington, Westminster"
189613018,Melissa And Lauren,3,3,"Ealing, Brent, Kensington_and_Chelsea"
189689748,S,4,3,"Kensington_and_Chelsea, Westminster, Barnet"
190233321,Santa,9,3,"Ealing, Kensington_and_Chelsea, Hammersmith_and_Fulham"
190444894,Ben,3,3,"Lewisham, Camden, Lambeth"
194033700,One Thirty,14,3,"Westminster, Barnet, Kensington_and_Chelsea"
1952411,Nadine,3,3,"Lambeth, Bromley, Lewisham"
1953872,Minya,11,3,"Tower_Hamlets, Wandsworth, Islington"
19646173,Parash,3,3,"Hackney, Islington, Barnet"
197259230,Claudea,3,3,"Lewisham, Lambeth, Southwark"
198973007,Abu,3,3,"Newham, Tower_Hamlets, Southwark"
199043747,Jusna,6,3,"Lambeth, Bromley, Southwark"
199459956,Rich,3,3,"Westminster, Southwark, Waltham_Forest"
20344572,Anna,15,3,"Kensington_and_Chelsea, Hammersmith_and_Fulham, Westminster"
2036946,Francesco,15,3,"Westminster, Kensington_and_Chelsea, Camden"
204281901,Samson,6,3,"Camden, Croydon, Westminster"
204698446,Sam,12,3,"Hillingdon, Kensington_and_Chelsea, Westminster"
2065219,Christina,5,3,"Southwark, Lambeth, Newham"
2074840,Ocky,17,3,"Camden, Islington, City_of_London"
20770834,Praveen,11,3,"Haringey, Islington, Hackney"
210120236,Sarifah,25,3,"Hammersmith_and_Fulham, Westminster, Newham"
211806676,Hamid,28,3,"Westminster, Hammersmith_and_Fulham, Newham"
21200437,Vadims,3,3,"Hammersmith_and_Fulham, Kensington_and_Chelsea, Wandsworth"
214770913,Olly & Alicja,6,3,"Hackney, Islington, Tower_Hamlets"
215526453,Dana,5,3,"Westminster, Ealing, Tower_Hamlets"
215647812,Laura,4,3,"Islington, City_of_London, Hackney"
2157755,Lime Street,26,3,"Westminster, Kensington_and_Chelsea, Camden"
217269501,K,3,3,"Greenwich, Southwark, Tower_Hamlets"
217609865,Nello,5,3,"Hammersmith_and_Fulham, Westminster, Camden"
219196044,Nicole & James,4,3,"Westminster, Kensington_and_Chelsea, Camden"
219430283,Katie & Jan,23,3,"Westminster, Camden, Brent"
219631041,Cordelia And Hettie,9,3,"Westminster, Kensington_and_Chelsea, Hammersmith_and_Fulham"
219827538,Louise And Tom,3,3,"Hammersmith_and_Fulham, Kensington_and_Chelsea, Greenwich"
220114219,Sabbir,5,3,"Tower_Hamlets, Lambeth, Westminster"
221350472,London,14,3,"Wandsworth, Westminster, Kensington_and_Chelsea"
222105340,Merve,15,3,"Hackney, Islington, Westminster"
223778348,Elena,8,3,"Islington, Southwark, Westminster"
225012695,Cosmos,9,3,"Islington, Hackney, Camden"
227297499,Milana,3,3,"City_of_London, Tower_Hamlets, Kensington_and_Chelsea"
228095684,Yashar,4,3,"Barnet, Westminster, Brent"
228928499,Beatrix,39,3,"Kensington_and_Chelsea, Westminster, Camden"
229700663,Diana,5,3,"Kensington_and_Chelsea, Camden, Islington"
230467636,Abu,4,3,"Southwark, Tower_Hamlets, Newham"
230550142,Kaveyah,3,3,"Wandsworth, Lambeth, Richmond_upon_Thames"
231077412,Rachel,16,3,"Kensington_and_Chelsea, Westminster, Hammersmith_and_Fulham"
2331446,Obi,43,3,"Hammersmith_and_Fulham, Westminster, Tower_Hamlets"
235205889,Nadezhda,3,3,"Hammersmith_and_Fulham, Kensington_and_Chelsea, Wandsworth"
235631301,Emily,3,3,"Islington, Greenwich, Southwark"
237329906,Soly,8,3,"Westminster, Camden, Kensington_and_Chelsea"
238281121,Ghada,33,3,"Westminster, Kensington_and_Chelsea, Camden"
2419758,Zoe And Tracy,5,3,"Haringey, Westminster, Camden"
244331544,Uwa,7,3,"City_of_London, Westminster, Tower_Hamlets"
244673112,Robin And Joseph,5,3,"Lambeth, Kensington_and_Chelsea, Westminster"
2499048,John,10,3,"Tower_Hamlets, Lambeth, Camden"
250766988,Jenna,8,3,"Hammersmith_and_Fulham, Camden, Westminster"
251122776,Hamz,3,3,"Kensington_and_Chelsea, Westminster, Southwark"
2525777,Gareth And Marina,3,3,"Islington, Westminster, Richmond_upon_Thames"
253250962,Kim,3,3,"Westminster, Wandsworth, Croydon"
255364774,Richard,3,3,"Merton, Greenwich, Hammersmith_and_Fulham"
255675,Peter And Jenny,4,3,"Westminster, Camden, Lambeth"
25727709,West End,32,3,"Westminster, Camden, Kensington_and_Chelsea"
258580205,Sverrir & Vesta,10,3,"Westminster, Kensington_and_Chelsea, Hammersmith_and_Fulham"
259537380,Deena,8,3,"Barnet, Haringey, Islington"
261517094,Syed,4,3,"Barnet, Brent, Camden"
261559313,Victoria,30,3,"Islington, Hackney, Tower_Hamlets"
261982904,Jorge,13,3,"Tower_Hamlets, Haringey, Brent"
263211779,Kim,3,3,"Hillingdon, Brent, Westminster"
263909734,Charlotte,4,3,"Hounslow, Wandsworth, Lambeth"
265006671,Jr,7,3,"Westminster, Hammersmith_and_Fulham, Tower_Hamlets"
26724380,Ash,4,3,"Kensington_and_Chelsea, Camden, City_of_London"
268520254,Ruben,8,3,"Tower_Hamlets, Greenwich, Newham"
2746573,Leon,6,3,"Westminster, Southwark, Camden"
28750646,M2 Property,14,3,"Kensington_and_Chelsea, Westminster, Hammersmith_and_Fulham"
2924579,Rob,3,3,"Southwark, Camden, Westminster"
29886167,Tracy,9,3,"Westminster, Camden, Kensington_and_Chelsea"
30682134,Ori & Dana,12,3,"Westminster, Camden, Kensington_and_Chelsea"
3155639,Marcus,4,3,"Camden, Westminster, Kensington_and_Chelsea"
32056798,Anton,23,3,"Wandsworth, Kensington_and_Chelsea, Lambeth"
321917,Patrick,4,3,"Islington, Tower_Hamlets, Camden"
3326097,Ira,18,3,"Lambeth, Westminster, Camden"
3327423,Tom,4,3,"Hammersmith_and_Fulham, Kensington_and_Chelsea, Westminster"
34207317,Pamela Sterling,9,3,"Lambeth, Southwark, Westminster"
34416383,Muriel,4,3,"Kensington_and_Chelsea, Westminster, Barnet"
35424755,C & P,30,3,"Hounslow, Hillingdon, Kensington_and_Chelsea"
35638143,Robert,3,3,"Southwark, Lambeth, Wandsworth"
36126550,Jordan,40,3,"Westminster, Hammersmith_and_Fulham, Newham"
36873235,Shadi,3,3,"Islington, Camden, Hackney"
3809876,Alessandra,20,3,"Kensington_and_Chelsea, Hammersmith_and_Fulham, Westminster"
38907468,Rooz,3,3,"Camden, Brent, Westminster"
39799654,City Stay,17,3,"Camden, Hackney, Tower_Hamlets"
3998265,Francesco,4,3,"Kensington_and_Chelsea, Southwark, Hackney"
41200507,Marcella,3,3,"Brent, Merton, Camden"
42227304,Rosana,3,3,"Hackney, Westminster, Kensington_and_Chelsea"
42401122,Cheikh,7,3,"Camden, Westminster, Islington"
431902,Andreea,13,3,"Westminster, Camden, Kensington_and_Chelsea"
43754868,Silvia,12,3,"Haringey, Camden, Islington"
44239887,Ahmed,8,3,"Westminster, Kensington_and_Chelsea, Lambeth"
445273,Denise,3,3,"Islington, Hackney, Lambeth"
44734831,Simon,3,3,"Hammersmith_and_Fulham, Westminster, Camden"
4531267,Sean,5,3,"Kensington_and_Chelsea, Camden, Westminster"
4595575,"Agne, Auste & Yannick",9,3,"Newham, Tower_Hamlets, Redbridge"
460272,Antonia Clare,5,3,"Westminster, Southwark, Lambeth"
467692,Sue,6,3,"Tower_Hamlets, Brent, Camden"
47362142,Roman,9,3,"Westminster, Wandsworth, Kensington_and_Chelsea"
47459455,Marco,12,3,"Westminster, Camden, Lambeth"
48225748,Fernanda & Family,30,3,"Islington, Camden, Kensington_and_Chelsea"
48854001,Jeffrey,3,3,"Camden, Hackney, Westminster"
48861995,Protem,9,3,"City_of_London, Southwark, Tower_Hamlets"
493497,Clive,5,3,"Camden, Islington, Southwark"
50112313,Alex,10,3,"Hammersmith_and_Fulham, Westminster, Kensington_and_Chelsea"
5046349,Harvey Wong,6,3,"Westminster, Southwark, Lambeth"
51305689,FantasticStay,3,3,"Westminster, Lambeth, City_of_London"
51439158,Roxy,23,3,"Westminster, Croydon, Camden"
52038584,Stefan,3,3,"Hounslow, Lewisham, Lambeth"
5222355,Nadine,4,3,"Islington, Camden, Kensington_and_Chelsea"
52779918,Jim,15,3,"Westminster, Camden, Islington"
53308425,Claire,26,3,"Westminster, Kensington_and_Chelsea, Camden"
5352830,Caio & Louise,7,3,"Camden, Westminster, City_of_London"
54111075,Abdulrahman,4,3,"Westminster, Camden, Brent"
5436552,Michael,4,3,"Camden, Tower_Hamlets, Kensington_and_Chelsea"
5473088,John,3,3,"Tower_Hamlets, Westminster, City_of_London"
55105447,Marcello,3,3,"Hackney, Haringey, Islington"
57989340,Gareth,52,3,"Westminster, Brent, Barnet"
58341371,Elin,5,3,"Kensington_and_Chelsea, Westminster, Merton"
5835171,Vic,4,3,"Lambeth, Wandsworth, Camden"
58672229,Matt,13,3,"City_of_London, Camden, Westminster"
5910284,Gerda,5,3,"Islington, Camden, Hackney"
59310710,Angelos,4,3,"Hammersmith_and_Fulham, Westminster, Kensington_and_Chelsea"
60095830,Masha,3,3,"Croydon, Westminster, Islington"
60151108,Anya,3,3,"Hackney, Hammersmith_and_Fulham, Islington"
61407694,Marco Claudio,8,3,"Kensington_and_Chelsea, Westminster, Hammersmith_and_Fulham"
6144655,Szilvi,9,3,"Camden, Westminster, Kensington_and_Chelsea"
62967279,Milo,14,3,"Barnet, Newham, Tower_Hamlets"
63091616,Fabio,20,3,"Kensington_and_Chelsea, Hammersmith_and_Fulham, Westminster"
632948,Nicholas,4,3,"Islington, Camden, Hammersmith_and_Fulham"
64202899,Susan,7,3,"Brent, Westminster, Hackney"
6498776,Jash,4,3,"Lewisham, Southwark, Islington"
65040257,Megan,11,3,"Camden, Westminster, Brent"
65734498,Ezequiel,6,3,"Hackney, Westminster, Camden"
67500800,Maria I,3,3,"Merton, Newham, Tower_Hamlets"
68713681,Gledy,8,3,"Hackney, Kensington_and_Chelsea, Tower_Hamlets"
68923490,London Super Hosts,11,3,"Wandsworth, Kensington_and_Chelsea, Westminster"
74192216,Alex,8,3,"Westminster, Kensington_and_Chelsea, Wandsworth"
762736,Lydia,5,3,"Lewisham, Southwark, Croydon"
7644180,Manik,8,3,"Lambeth, Southwark, Bromley"
77700183,Ati,6,3,"Lewisham, Tower_Hamlets, Southwark"
777801,Alex,3,3,"Lambeth, Islington, Greenwich"
7876672,Justin,8,3,"Lambeth, Westminster, Tower_Hamlets"
7922860,Andrew,10,3,"Kensington_and_Chelsea, Hammersmith_and_Fulham, Newham"
8006332,Sian,6,3,"Southwark, Westminster, Lambeth"
80425840,Alison,3,3,"Hammersmith_and_Fulham, Kensington_and_Chelsea, Richmond_upon_Thames"
83958637,Carlos,6,3,"Camden, Islington, Enfield"
84410810,Ali,4,3,"Westminster, Hackney, Camden"
8484725,IRoom-UK,6,3,"Waltham_Forest, Newham, Hackney"
8690046,A & Y,5,3,"Hackney, City_of_London, Camden"
9241022,Richard,10,3,"Kensington_and_Chelsea, Westminster, Camden"
92935351,Black Square,3,3,"Kensington_and_Chelsea, Camden, Lambeth"
94679515,Helen,10,3,"Southwark, City_of_London, Westminster"
96036854,Dainius,3,3,"Lambeth, Westminster, Kensington_and_Chelsea"
96569915,Tee & Jay,7,3,"Islington, Tower_Hamlets, Camden"
9783157,Marco,5,3,"Hammersmith_and_Fulham, Westminster, Tower_Hamlets"
99038064,Oasis,6,3,"Tower_Hamlets, Kensington_and_Chelsea, Westminster"
99987717,YourHouseLondon,12,3,"Southwark, Wandsworth, Tower_Hamlets"
100028453,PML Apartments,10,2,"Westminster, Kensington_and_Chelsea"
10022147,Diana,2,2,"Kensington_and_Chelsea, Westminster"
10032879,Sanjay,15,2,"Kensington_and_Chelsea, Hammersmith_and_Fulham"
100534638,Carl,4,2,"Southwark, Lewisham"
100625154,Tharidu,4,2,"Camden, Westminster"
10119865,Naomii,2,2,"Camden, Westminster"
10199318,Victoria,2,2,"Kensington_and_Chelsea, Hammersmith_and_Fulham"
10207220,Katie,3,2,"Hammersmith_and_Fulham, Lambeth"
102127106,Katerina,2,2,"Lambeth, Kensington_and_Chelsea"
102195444,Bjoern And Fil,3,2,"Camden, Westminster"
1027094,Lynne,2,2,"Tower_Hamlets, Islington"
102838303,Nick,4,2,"Kensington_and_Chelsea, Westminster"
10290477,Britt,2,2,"Lambeth, Hammersmith_and_Fulham"
10302218,Pearl,2,2,"Haringey, Camden"
10321483,Jaime,5,2,"Brent, Hammersmith_and_Fulham"
103671863,Sandra,5,2,"Camden, Islington"
103674102,Jane,3,2,"Tower_Hamlets, Harrow"
10370524,Lj,17,2,"Westminster, Camden"
10431475,Dani,2,2,"Camden, Brent"
10450966,Pantelis,2,2,"Camden, Westminster"
104762551,Saif,3,2,"Redbridge, Lambeth"
104771301,Emily,9,2,"Westminster, Hammersmith_and_Fulham"
104778872,Evelina,3,2,"Westminster, Kensington_and_Chelsea"
10505514,Gilles,2,2,"Wandsworth, Hammersmith_and_Fulham"
10511615,Kian,3,2,"Islington, Hackney"
10538721,Faisal,2,2,"Lambeth, Camden"
105497450,Simon And Sonia,2,2,"Westminster, Kensington_and_Chelsea"
105518461,Ori,2,2,"Westminster, Camden"
10562022,Antonella,5,2,"Camden, Westminster"
105758752,Ibrahim,4,2,"Wandsworth, Westminster"
105908099,Ayden,2,2,"Camden, Islington"
105923378,Amit & Jean,2,2,"Camden, Westminster"
105943673,Priya And Davinder,6,2,"Kensington_and_Chelsea, Hammersmith_and_Fulham"
10673524,Milena,2,2,"City_of_London, Islington"
106991354,Kevin,2,2,"Islington, Enfield"
107125873,Supreme,2,2,"Wandsworth, Hackney"
107143170,Florinda,4,2,"Camden, Westminster"
10724585,Preethi,2,2,"Tower_Hamlets, Southwark"
107639360,Hristina,15,2,"Lewisham, Southwark"
107689134,Pavlina,3,2,"Westminster, Newham"
10797574,Hannah,2,2,"Hammersmith_and_Fulham, Ealing"
108000178,Alessio,5,2,"Camden, Hackney"
108128775,Klara,2,2,"Southwark, Lambeth"
10895641,Nicky,2,2,"Lewisham, Southwark"
109613892,Clara & Errol,3,2,"Islington, Waltham_Forest"
10982624,Sarah,3,2,"Westminster, Kensington_and_Chelsea"
110034443,Pj,2,2,"Newham, Tower_Hamlets"
110157947,Jay,3,2,"Lambeth, Southwark"
110653225,David,2,2,"Ealing, Hammersmith_and_Fulham"
110789326,Eduardo,2,2,"City_of_London, Westminster"
11088597,Lauren,7,2,"Islington, Hackney"
110980809,Elsie,3,2,"Lambeth, Greenwich"
111291126,Alice,89,2,"Tower_Hamlets, Hackney"
112185686,Jerry,4,2,"Westminster, Tower_Hamlets"
1123328,Edward,2,2,"Kensington_and_Chelsea, Wandsworth"
11249260,Joe,2,2,"Lambeth, Hackney"
11263398,Jamie,3,2,"Waltham_Forest, Hackney"
112837420,Chanelle,8,2,"Tower_Hamlets, Newham"
112867646,Oladapo,2,2,"Westminster, Barking_and_Dagenham"
113228727,Joan D,3,2,"Hammersmith_and_Fulham, Wandsworth"
11334907,Esben,2,2,"Kensington_and_Chelsea, Westminster"
113828488,Eray,3,2,"Enfield, Islington"
1139308,David,2,2,"Brent, Wandsworth"
114011872,David,2,2,"Camden, Westminster"
114041206,Maria,18,2,"Tower_Hamlets, Islington"
114329917,Quality City Apartments,5,2,"Westminster, Hammersmith_and_Fulham"
114676251,Alex,2,2,"Camden, Westminster"
114986362,Ana,2,2,"Kensington_and_Chelsea, Westminster"
11532878,Lara,2,2,"Camden, Hackney"
116132183,Zaheer,8,2,"Camden, Westminster"
116190973,Meer,2,2,"Lambeth, Hammersmith_and_Fulham"
116194622,Rebecca,3,2,"Southwark, Westminster"
11650014,Aleksandra,2,2,"Islington, Hackney"
116510596,Stephanie,4,2,"Hammersmith_and_Fulham, Hounslow"
11654201,William,2,2,"Kensington_and_Chelsea, Westminster"
116655390,Rio,4,2,"Camden, Westminster"
116666068,Dominique,3,2,"Kensington_and_Chelsea, Camden"
116927148,Ryan,4,2,"Westminster, Camden"
11736183,Ian,2,2,"Westminster, Wandsworth"
117409644,Eveline,2,2,"Westminster, Ealing"
117605590,Vincent,2,2,"Hackney, Tower_Hamlets"
117754786,Dipesh,2,2,"Tower_Hamlets, Camden"
117951723,Walid,6,2,"Islington, Tower_Hamlets"
118019577,Mike,5,2,"Tower_Hamlets, Westminster"
11843138,Anna-Rose,4,2,"Tower_Hamlets, Kensington_and_Chelsea"
11847855,Jason,3,2,"Islington, Camden"
11872025,Andrea,5,2,"Tower_Hamlets, Wandsworth"
118826209,Bella,3,2,"Tower_Hamlets, Southwark"
118828145,Dorothy,2,2,"Islington, Westminster"
1190865,James,2,2,"Hackney, Tower_Hamlets"
119226808,Donna,2,2,"Kensington_and_Chelsea, Hammersmith_and_Fulham"
11955032,Tim,4,2,"Ealing, Camden"
11959147,Margarita,6,2,"Camden, Westminster"
1199849,Ola,3,2,"Westminster, Barking_and_Dagenham"
120111591,Amanda,2,2,"Kensington_and_Chelsea, Tower_Hamlets"
12049206,Alex,6,2,"Kensington_and_Chelsea, Westminster"
120644707,Cesar,2,2,"Tower_Hamlets, Brent"
120747970,Chas,10,2,"Hackney, Camden"
121020000,Kofi,2,2,"Wandsworth, Kensington_and_Chelsea"
121237614,Dia,4,2,"Camden, Kensington_and_Chelsea"
12143319,Eirwen,2,2,"Lambeth, Croydon"
12192300,Caroline,2,2,"Hackney, Tower_Hamlets"
12231369,Malcolm,2,2,"Lewisham, Southwark"
122343179,Gabriel,12,2,"Westminster, Kensington_and_Chelsea"
1224038,Nicola,2,2,"Hackney, Tower_Hamlets"
12261256,Tracy,2,2,"Ealing, Westminster"
12291293,Christianna,13,2,"Southwark, Greenwich"
12350932,Jonathan,2,2,"Westminster, Brent"
123548209,Mac,47,2,"Kensington_and_Chelsea, Westminster"
124183909,Lucy,3,2,"Merton, Wandsworth"
124193432,Antonia,3,2,"Wandsworth, Lambeth"
124206144,Alex,3,2,"Camden, Islington"
1242644,Cleu,3,2,"Westminster, Enfield"
124359784,Nicole,3,2,"Islington, Westminster"
124404743,Isabelle,2,2,"Southwark, Camden"
124415661,Classysuites,2,2,"Hammersmith_and_Fulham, Brent"
124703671,Aaron,2,2,"Camden, Westminster"
124853723,S,2,2,"Camden, Newham"
125155562,Beverley-Ann,4,2,"Wandsworth, Lambeth"
125392965,Lawrence,15,2,"Hounslow, Hammersmith_and_Fulham"
125488269,Alexey,5,2,"Westminster, Kensington_and_Chelsea"
12565141,Peter,3,2,"Hammersmith_and_Fulham, Wandsworth"
12610235,Romina,2,2,"Kensington_and_Chelsea, Westminster"
12615131,Scott,2,2,"Tower_Hamlets, Hackney"
12616268,Maxime,2,2,"Westminster, Tower_Hamlets"
12661408,Jessie,6,2,"Westminster, Camden"
126728386,Aaron,5,2,"Westminster, Camden"
127139160,Caterina,2,2,"Southwark, Westminster"
127162043,Bob,7,2,"Westminster, Camden"
127518047,Innes,2,2,"Lambeth, Westminster"
12754357,Moshe,7,2,"Westminster, Haringey"
127701523,Miri,16,2,"Westminster, Camden"
127876181,Julibeth And German,2,2,"Wandsworth, Hammersmith_and_Fulham"
1280532,Narishta,2,2,"Kensington_and_Chelsea, Westminster"
128208601,Geoff,3,2,"Islington, Southwark"
128605155,Fabiana Jahrem,11,2,"Tower_Hamlets, Islington"
1286248,Anina,2,2,"Hackney, Islington"
128708097,Caroline,2,2,"Kensington_and_Chelsea, Hammersmith_and_Fulham"
129398164,Mesfin,2,2,"Hammersmith_and_Fulham, Kensington_and_Chelsea"
129414545,Nicki,2,2,"Islington, Barnet"
129539884,Monica,33,2,"Camden, Westminster"
129667352,Ni,3,2,"Islington, Enfield"
1297283,Ernesto,3,2,"Islington, Kensington_and_Chelsea"
13026247,Megan,5,2,"Lambeth, Southwark"
130413079,Alex,4,2,"Westminster, Barnet"
130414492,Jenny,2,2,"Westminster, Kensington_and_Chelsea"
130442732,Vivian,2,2,"Camden, Brent"
130740775,Charlene,2,2,"Croydon, Southwark"
130822559,Omar,4,2,"Kensington_and_Chelsea, Westminster"
130889702,Murat,4,2,"Tower_Hamlets, Haringey"
13106574,Alessio,2,2,"Tower_Hamlets, Islington"
13114795,Amy,2,2,"Southwark, Islington"
131273629,Juliana,3,2,"Westminster, Kensington_and_Chelsea"
131287106,Malik,2,2,"Lewisham, Southwark"
131322692,Elias,6,2,"Islington, Haringey"
131452419,Timothy,21,2,"Westminster, Camden"
132016054,Francesca,2,2,"Tower_Hamlets, Hackney"
132059835,David,3,2,"Westminster, Kensington_and_Chelsea"
132377769,Marble,10,2,"Lambeth, Wandsworth"
132477415,La,2,2,"Westminster, Kensington_and_Chelsea"
13250409,Emma,2,2,"Tower_Hamlets, Kensington_and_Chelsea"
132853716,Joey,2,2,"Camden, Barnet"
133035946,Anna,4,2,"Brent, Lambeth"
133271,Hendryks,5,2,"Tower_Hamlets, Westminster"
13402224,Musta,2,2,"Islington, Haringey"
134116899,Sami,3,2,"Islington, Barking_and_Dagenham"
13449383,Clare & Aaron,6,2,"Westminster, Camden"
135166546,My-LivingSpace,10,2,"Newham, Tower_Hamlets"
135183031,Karim,6,2,"Westminster, Kensington_and_Chelsea"
135373280,Hugh,2,2,"Hammersmith_and_Fulham, Hounslow"
1356865,London Superhosts,2,2,"Westminster, Kensington_and_Chelsea"
1358673,Sibylle,9,2,"Westminster, Lambeth"
135906294,Yaz,4,2,"Camden, Kensington_and_Chelsea"
136075754,Emily,2,2,"Tower_Hamlets, Hackney"
13614233,Chris,2,2,"Westminster, Southwark"
13627321,Paola,5,2,"Tower_Hamlets, Camden"
136463206,Mau,2,2,"Westminster, Kensington_and_Chelsea"
136482864,Hasan- EGE,12,2,"Camden, Hammersmith_and_Fulham"
1365824,Jenny,15,2,"Westminster, Tower_Hamlets"
1367883,Alex,2,2,"Camden, City_of_London"
13697741,Ira,2,2,"Hammersmith_and_Fulham, Lambeth"
137109848,Sacha,2,2,"Camden, Hackney"
137168306,Iddy,2,2,"Kensington_and_Chelsea, Westminster"
137527286,Mo,8,2,"Kensington_and_Chelsea, Westminster"
137688053,Antonio,3,2,"Tower_Hamlets, Southwark"
13791097,Gabriel,2,2,"Islington, Camden"
13840941,Dustin,4,2,"Newham, Islington"
13877898,Antoine,2,2,"Hackney, Tower_Hamlets"
138990841,Yasar,2,2,"Wandsworth, Croydon"
139084186,Jack,26,2,"Camden, Westminster"
13916269,Stefania,2,2,"Kensington_and_Chelsea, Westminster"
139218703,Maria,2,2,"Wandsworth, Richmond_upon_Thames"
139301171,Giorgio,2,2,"Islington, Hackney"
139320733,Sidney,2,2,"Hackney, Tower_Hamlets"
1399484,Alexandra-Pamela,2,2,"Westminster, Tower_Hamlets"
13999196,Maria,10,2,"Westminster, Camden"
140127981,Ivo,6,2,"Westminster, Lambeth"
14046094,Otto,6,2,"Kensington_and_Chelsea, Westminster"
140487880,Michael,9,2,"Lambeth, Southwark"
14050397,Riyaz,2,2,"Croydon, Lambeth"
140886910,Dragan,2,2,"Westminster, City_of_London"
14096542,Pervin,3,2,"Haringey, Wandsworth"
140982189,Halina,4,2,"Hackney, Tower_Hamlets"
141150995,Charlie,2,2,"Islington, Camden"
141653979,Carl,4,2,"Lambeth, Wandsworth"
14171550,Lillian,2,2,"Newham, Tower_Hamlets"
14219038,Ramzi,2,2,"Camden, Westminster"
14238741,Eliana,2,2,"Hammersmith_and_Fulham, Brent"
142448518,Serge,8,2,"Tower_Hamlets, Newham"
1429305,Hossam,11,2,"Westminster, Wandsworth"
143245787,Jatt,3,2,"Redbridge, Hackney"
143270688,John,2,2,"Lambeth, Southwark"
14329664,Rebecca,2,2,"Camden, Tower_Hamlets"
143713552,Serg,4,2,"Tower_Hamlets, Westminster"
143786358,George,4,2,"Westminster, Camden"
1438437,D.C.,3,2,"Lewisham, Southwark"
143935725,Eli,2,2,"Lewisham, Islington"
14443313,Anna,3,2,"Greenwich, Southwark"
1444493,Alexandre,12,2,"Kensington_and_Chelsea, Westminster"
144545805,Santi,2,2,"Kensington_and_Chelsea, Camden"
144610956,Teresa,2,2,"Camden, Islington"
14465076,Viral E Roberta,2,2,"Kensington_and_Chelsea, Hackney"
144778097,Telma,18,2,"Hammersmith_and_Fulham, Kensington_and_Chelsea"
145322841,Scott,2,2,"Westminster, Redbridge"
145508863,Emily & John,14,2,"Camden, Islington"
145529346,Lukman,10,2,"Hackney, Tower_Hamlets"
145741789,Monique,2,2,"Southwark, Bromley"
145764988,Rhuam,2,2,"Lambeth, Tower_Hamlets"
146103192,Saba,3,2,"Greenwich, Hammersmith_and_Fulham"
14639787,Christina,2,2,"Camden, Croydon"
146594021,Caroline At My London Trip,2,2,"Kensington_and_Chelsea, Westminster"
146746229,Steven,5,2,"Kensington_and_Chelsea, Westminster"
146747578,T,2,2,"Camden, Tower_Hamlets"
14690500,Tim,2,2,"Wandsworth, Southwark"
147889584,Johny,5,2,"Westminster, Lambeth"
148189587,Gy,7,2,"Kensington_and_Chelsea, Westminster"
148229339,Alex,2,2,"Hammersmith_and_Fulham, Lambeth"
1482955,Edem,6,2,"Westminster, Lewisham"
14831321,Terence,2,2,"Islington, Hackney"
148379571,Lili,3,2,"Hammersmith_and_Fulham, Harrow"
148515643,Next,10,2,"Westminster, Camden"
148565514,Belinda,4,2,"Kensington_and_Chelsea, Camden"
148788178,Issie,2,2,"Westminster, Bromley"
149053025,Cynthia,5,2,"Kensington_and_Chelsea, Enfield"
14938057,Yan,2,2,"Tower_Hamlets, City_of_London"
1504322,Alex,14,2,"Westminster, Islington"
150557723,Hakan,11,2,"Westminster, Kensington_and_Chelsea"
150727621,Haider,2,2,"Hammersmith_and_Fulham, Ealing"
150980675,Sam,5,2,"Westminster, Camden"
150998393,Mofi,3,2,"Tower_Hamlets, Newham"
151356443,Joe,3,2,"Westminster, Kensington_and_Chelsea"
151429466,Julia,2,2,"Richmond_upon_Thames, Wandsworth"
15150818,Robin,2,2,"Brent, Camden"
151793506,Oliver,3,2,"Lambeth, Westminster"
151892925,Ana,2,2,"Camden, Islington"
15222435,Robson,14,2,"Islington, Barnet"
152230166,LJoanna,2,2,"Southwark, Camden"
152366884,Nick,2,2,"Hammersmith_and_Fulham, Croydon"
15256836,Sally,2,2,"Tower_Hamlets, Islington"
152788806,Pass The Property,3,2,"Lambeth, Hounslow"
15306472,Jean-François,2,2,"Westminster, Kensington_and_Chelsea"
15307928,James,5,2,"Camden, Tower_Hamlets"
15311797,Lee,3,2,"Westminster, Camden"
15316850,Sophie,4,2,"Wandsworth, Westminster"
153291643,Salman,2,2,"Camden, Wandsworth"
15353323,Ian,3,2,"Kensington_and_Chelsea, Hammersmith_and_Fulham"
153672910,Sara,3,2,"Tower_Hamlets, Newham"
15368760,Sarah,5,2,"Westminster, Kensington_and_Chelsea"
153866933,Angelique,3,2,"Southwark, Westminster"
15417396,Darren Jonathan,2,2,"Hackney, Tower_Hamlets"
154410258,Boyan,4,2,"Camden, Westminster"
154809854,Mabel And Ethan,2,2,"Kensington_and_Chelsea, Islington"
15487631,Rosie-Amber,4,2,"Lambeth, Wandsworth"
155006070,Amelie,3,2,"Kensington_and_Chelsea, Westminster"
155053619,Laura,2,2,"Wandsworth, Kensington_and_Chelsea"
155075872,Gerard,26,2,"Camden, Westminster"
1553252,Sumaiya,2,2,"Lambeth, Wandsworth"
155863079,Madeleine & Rico,2,2,"Westminster, Tower_Hamlets"
156025839,Dolphin,3,2,"Camden, Greenwich"
156166734,Rafik,4,2,"Kingston_upon_Thames, Lambeth"
156429426,Najmi And Ellie,2,2,"Hammersmith_and_Fulham, Ealing"
156443912,David,2,2,"Lambeth, Westminster"
15690702,Tanya,2,2,"Wandsworth, Westminster"
15754476,Terezka,2,2,"Hackney, Ealing"
157610816,Mandy,5,2,"Hammersmith_and_Fulham, Ealing"
157759941,Nana,49,2,"Hammersmith_and_Fulham, Kensington_and_Chelsea"
1578888,Philip,6,2,"Camden, Westminster"
158025931,Karla,2,2,"Croydon, Lambeth"
158029757,Chris N Sam,4,2,"Brent, Camden"
15885425,Kubra,2,2,"Islington, Enfield"
1589150,Rachel,5,2,"Lambeth, Wandsworth"
159068368,Kristina,37,2,"Westminster, Kensington_and_Chelsea"
159127527,Roma,3,2,"Camden, Westminster"
159338103,Lorel,2,2,"Tower_Hamlets, Kensington_and_Chelsea"
159442402,Ami,4,2,"Westminster, Havering"
159550383,Natasha,2,2,"Westminster, Kensington_and_Chelsea"
159698577,Michael,5,2,"Camden, Westminster"
1602839,J,4,2,"Tower_Hamlets, Newham"
160286641,Pishu,3,2,"Barnet, Tower_Hamlets"
16100354,Nichola,2,2,"Wandsworth, Croydon"
161304755,Geoff,2,2,"Southwark, Lambeth"
162065945,Mark,4,2,"Westminster, Camden"
162355528,Askwith,2,2,"Kensington_and_Chelsea, Wandsworth"
162515915,Omberline & Mo,19,2,"Kensington_and_Chelsea, Westminster"
162573649,Lee,2,2,"Hammersmith_and_Fulham, Kensington_and_Chelsea"
16280212,Daisy,24,2,"Kensington_and_Chelsea, Hammersmith_and_Fulham"
162981508,Tina,2,2,"Hackney, Islington"
16364279,Darren,2,2,"Westminster, Hammersmith_and_Fulham"
16421941,Anne-Charlotte,6,2,"Hackney, Tower_Hamlets"
16435322,Dasha,2,2,"Camden, Barking_and_Dagenham"
16471460,Anushé,2,2,"Hammersmith_and_Fulham, Ealing"
164771249,Melia White House,2,2,"Westminster, Camden"
16490987,Vanessa,4,2,"Kensington_and_Chelsea, Camden"
165428457,Jason,2,2,"City_of_London, Merton"
16554414,Jillian,2,2,"Tower_Hamlets, Southwark"
166069115,Kelly,5,2,"Hackney, Westminster"
166516719,Harriet,2,2,"Southwark, Islington"
16677904,Jeremy,3,2,"Hounslow, Hammersmith_and_Fulham"
166973722,Mustapha,13,2,"Westminster, Kensington_and_Chelsea"
1672550,Michael,3,2,"Hackney, Islington"
167418,Viola,2,2,"Hackney, Southwark"
1674188,Britannia,9,2,"Islington, Westminster"
1674201,DC Partners,23,2,"Hammersmith_and_Fulham, Hounslow"
16774103,Mark,5,2,"City_of_London, Wandsworth"
16812101,Ronan,2,2,"Kensington_and_Chelsea, Hammersmith_and_Fulham"
168303556,Zak,5,2,"Westminster, Kensington_and_Chelsea"
16937720,Milena,2,2,"Islington, Tower_Hamlets"
169523585,Fara,6,2,"Kensington_and_Chelsea, Westminster"
16965290,Shane,10,2,"Westminster, Kensington_and_Chelsea"
169885461,Owen,4,2,"Hackney, Islington"
16999020,Paul,4,2,"Ealing, Westminster"
17036801,Tom,2,2,"Islington, Hackney"
17074717,Gavin,2,2,"Camden, Westminster"
172469889,Federico,2,2,"Westminster, Camden"
172612519,Felix,4,2,"Westminster, Hammersmith_and_Fulham"
172727751,Jazzy,2,2,"Tower_Hamlets, Westminster"
173623390,Keri,2,2,"Brent, Westminster"
173664200,Cristiane,2,2,"Camden, Hammersmith_and_Fulham"
174059234,Antony,3,2,"Westminster, Kensington_and_Chelsea"
174401836,Alison,2,2,"Wandsworth, Kensington_and_Chelsea"
17453098,Hua & Joel,10,2,"Camden, Barnet"
174531717,Xi,6,2,"Westminster, Tower_Hamlets"
174728282,Casa,10,2,"Westminster, Kensington_and_Chelsea"
175163507,Marie,2,2,"Hammersmith_and_Fulham, Richmond_upon_Thames"
1751920,Simona,2,2,"Tower_Hamlets, Hackney"
17521314,Darren,3,2,"Kingston_upon_Thames, Kensington_and_Chelsea"
17624809,Justin,3,2,"Brent, Kensington_and_Chelsea"
1765164,Chloe,2,2,"Islington, Hackney"
17732120,Aneta,2,2,"Camden, Westminster"
177334353,Edmund,2,2,"Westminster, Kensington_and_Chelsea"
177397805,Clifford,5,2,"Kensington_and_Chelsea, Westminster"
17750777,Chris,3,2,"Westminster, Redbridge"
177781035,Marina,2,2,"Lambeth, Tower_Hamlets"
17837404,Leyla,7,2,"Kensington_and_Chelsea, Westminster"
178599005,Arif,19,2,"Tower_Hamlets, Newham"
17862228,Victoria,2,2,"Camden, Barnet"
17939749,Hannah,7,2,"Haringey, Westminster"
180112988,Mo,4,2,"Westminster, Kensington_and_Chelsea"
1806594,Reina,2,2,"Ealing, Kensington_and_Chelsea"
18076473,Margaret,2,2,"Southwark, Camden"
180771480,Karolina,5,2,"Westminster, Camden"
180857400,Sayed,2,2,"Newham, Camden"
18097574,Tacina,10,2,"Kensington_and_Chelsea, Westminster"
1811471,Leyla,3,2,"Hackney, Islington"
18126408,Liza,2,2,"Kensington_and_Chelsea, Islington"
18133246,Zara,2,2,"Ealing, Hammersmith_and_Fulham"
18143025,Gabriela,2,2,"Islington, Southwark"
181996240,Camilia,2,2,"Lambeth, Brent"
182033164,Erhan,2,2,"Camden, Westminster"
182162706,Katherine,2,2,"Lambeth, Kensington_and_Chelsea"
18253957,Steve Bern,3,2,"Kensington_and_Chelsea, Westminster"
182552213,Tatiane,2,2,"Southwark, Lewisham"
182670,Paul,6,2,"Hackney, Tower_Hamlets"
183307648,Seb,3,2,"Lambeth, Westminster"
183481539,Jaymin,9,2,"Tower_Hamlets, Hackney"
18371977,Eduardo,7,2,"Tower_Hamlets, Newham"
185130544,Gareth,2,2,"Barnet, Westminster"
185196228,Eser,2,2,"Hackney, Camden"
185539980,Damion,2,2,"Brent, Westminster"
1857893,Pablo,4,2,"Tower_Hamlets, Lambeth"
185830839,Serge,7,2,"Newham, Tower_Hamlets"
185837214,Narada,2,2,"Greenwich, Wandsworth"
186317165,Mahsa,2,2,"Wandsworth, Camden"
18652355,Andrea,2,2,"Tower_Hamlets, Hackney"
186720149,Kurtinho,2,2,"Croydon, Wandsworth"
186729470,Rick,2,2,"Southwark, Barking_and_Dagenham"
1868489,Fariha,2,2,"Islington, Tower_Hamlets"
186987059,Omar & Hadda,3,2,"Westminster, Kensington_and_Chelsea"
186993140,Bin,2,2,"Camden, Islington"
18732231,Louise,2,2,"Richmond_upon_Thames, Kensington_and_Chelsea"
187338457,Lynn,2,2,"Lambeth, Westminster"
18799502,Helena,2,2,"Islington, Hackney"
18825280,Anna,4,2,"Islington, Camden"
188278470,Stoyan,4,2,"Hammersmith_and_Fulham, Tower_Hamlets"
18828230,Louise,2,2,"Richmond_upon_Thames, Wandsworth"
18846179,Geri,3,2,"Lambeth, Croydon"
188935918,Marta N Sam,4,2,"Tower_Hamlets, Camden"
18894615,Ozzy,5,2,"Hammersmith_and_Fulham, Wandsworth"
1898279,Paula,2,2,"Islington, Camden"
18988852,Costa,2,2,"Barnet, Southwark"
19044636,Adriana,2,2,"Westminster, Camden"
1907422,Tim,2,2,"Hackney, Hammersmith_and_Fulham"
1908992,Stefano & Maria,3,2,"Lambeth, Ealing"
19174934,Audrey,2,2,"Tower_Hamlets, Hackney"
191859134,Belal,2,2,"Westminster, Camden"
19207260,Jean-Paul,2,2,"Hammersmith_and_Fulham, Southwark"
19214346,Dinesh,14,2,"Westminster, Kensington_and_Chelsea"
192898144,Yalcin,2,2,"Islington, Hackney"
19322410,Rob,2,2,"Hammersmith_and_Fulham, Westminster"
194051465,Chesham,6,2,"Kensington_and_Chelsea, Westminster"
194230296,Shelly,5,2,"Tower_Hamlets, Westminster"
19432211,Barney,2,2,"Southwark, Westminster"
194369376,Shereen,3,2,"Westminster, City_of_London"
1944986,Julie,2,2,"Lambeth, Wandsworth"
194712029,Victor,2,2,"Ealing, Westminster"
194755682,Janaka,2,2,"Lambeth, Islington"
194769,S,3,2,"Westminster, Kensington_and_Chelsea"
194879166,The City London Apartments,9,2,"Westminster, Wandsworth"
19494073,Holly,2,2,"Wandsworth, Islington"
19505366,William,3,2,"Merton, Westminster"
195127495,Jin,2,2,"Hammersmith_and_Fulham, Westminster"
195223790,Kevin,2,2,"Newham, Tower_Hamlets"
195253364,Flat Central,2,2,"Tower_Hamlets, City_of_London"
1954988,Dianne,3,2,"Wandsworth, Merton"
196184311,Florentina,6,2,"Kensington_and_Chelsea, Westminster"
196331237,Mohammed,4,2,"Barking_and_Dagenham, Lambeth"
196344680,Crawford House,9,2,"Camden, Islington"
196429482,Alina,2,2,"Kensington_and_Chelsea, Hammersmith_and_Fulham"
196551432,Bakers Row,3,2,"Islington, Camden"
196685114,Sandra,2,2,"Barnet, Camden"
196769297,Andrei,8,2,"Westminster, Camden"
19682112,Sophie,4,2,"Camden, Kensington_and_Chelsea"
197027271,Nick,5,2,"Tower_Hamlets, Hackney"
197036940,Narishta,3,2,"Kensington_and_Chelsea, Westminster"
197427399,Candice,4,2,"Westminster, Kensington_and_Chelsea"
19804268,Amy,3,2,"Tower_Hamlets, Southwark"
198236135,Cathie,4,2,"Westminster, Camden"
198424387,Mirko,2,2,"Haringey, Hammersmith_and_Fulham"
19849390,Heather,2,2,"Tower_Hamlets, Hackney"
19885306,Jan,4,2,"Camden, Westminster"
1995390,Syed,2,2,"Bromley, Wandsworth"
19959228,Susanna,2,2,"Richmond_upon_Thames, Westminster"
199762654,Claudia,2,2,"Westminster, Kensington_and_Chelsea"
19989860,Tanya,2,2,"Camden, Islington"
199921927,James,3,2,"Westminster, Camden"
200098060,Adamandia,2,2,"Hammersmith_and_Fulham, Westminster"
200101170,Ari,7,2,"Camden, Westminster"
20014555,Elena,2,2,"Hammersmith_and_Fulham, Ealing"
200433291,Pedro,3,2,"Islington, Kensington_and_Chelsea"
20110339,Mark,4,2,"Camden, Islington"
201301401,Kasia,3,2,"Hammersmith_and_Fulham, Kensington_and_Chelsea"
20154659,Camilla,2,2,"Kensington_and_Chelsea, Hammersmith_and_Fulham"
202410028,Sharon,3,2,"Westminster, Camden"
20325559,Charles And Octavia,2,2,"Greenwich, Islington"
203310603,Hassan,2,2,"Westminster, Brent"
204192855,Nick,4,2,"Hammersmith_and_Fulham, Ealing"
2046845,Gabriel,2,2,"Islington, Westminster"
20503627,Etta,3,2,"City_of_London, Newham"
205352004,Sade,6,2,"Kensington_and_Chelsea, Westminster"
205700308,Sabrina,3,2,"Enfield, Hackney"
205911253,Agathe,2,2,"Westminster, Kensington_and_Chelsea"
205946612,Elena,4,2,"Westminster, Hammersmith_and_Fulham"
206090844,Chris,2,2,"Wandsworth, Hackney"
20620588,Andrea,2,2,"Brent, Kensington_and_Chelsea"
206341269,Tower,2,2,"Tower_Hamlets, Wandsworth"
20716669,Elizabeth,2,2,"Brent, Kensington_and_Chelsea"
207324634,Negina,4,2,"Islington, Camden"
207612711,Mary,6,2,"Westminster, Haringey"
207718261,Galal,6,2,"Camden, Westminster"
20788,Lucia,2,2,"Westminster, Enfield"
20821639,James,3,2,"Hackney, Camden"
208329268,Julia,2,2,"Haringey, Islington"
20886542,Tom,2,2,"Tower_Hamlets, Hackney"
20920112,Liz,2,2,"Wandsworth, Westminster"
209236576,Evelyne,2,2,"Hammersmith_and_Fulham, Ealing"
209492218,Alfie,5,2,"Kensington_and_Chelsea, Westminster"
2100771,Pea,2,2,"Harrow, Southwark"
21029247,Jessica,8,2,"Westminster, Camden"
210427307,London Escape,4,2,"Islington, Camden"
210672763,Sarah,2,2,"Westminster, Camden"
2107017,Natalia,5,2,"Hackney, Tower_Hamlets"
211088629,Kenny,2,2,"Greenwich, Tower_Hamlets"
21129445,Tadas,8,2,"Kensington_and_Chelsea, Westminster"
21133079,Whirl,2,2,"Merton, Wandsworth"
212073692,Karina,3,2,"Islington, Brent"
2122456,Tam,2,2,"Tower_Hamlets, Camden"
2124088,Corrine,2,2,"Islington, Hackney"
21241056,Maria,11,2,"Lambeth, Wandsworth"
2125123,Sophie,8,2,"Hackney, Islington"
213026636,Karina,2,2,"Hammersmith_and_Fulham, Lambeth"
213144640,Fathi,2,2,"Islington, Newham"
213166452,Sayed,2,2,"Tower_Hamlets, Lambeth"
213343423,Fang,2,2,"Tower_Hamlets, Newham"
213518573,Yoshiko,2,2,"Lewisham, Southwark"
2136473,David,3,2,"Hackney, Camden"
214317522,Claudiu,2,2,"Wandsworth, Lambeth"
21451738,Vale & TJ,2,2,"Islington, Camden"
21455826,Dogan,2,2,"Greenwich, Southwark"
21463008,Izzy,2,2,"Westminster, Barnet"
21477032,Jack,3,2,"Haringey, Tower_Hamlets"
214964923,London Short Stays,2,2,"Lambeth, Westminster"
215035172,Maria,2,2,"Kensington_and_Chelsea, Hammersmith_and_Fulham"
215053,Shelsey,2,2,"Southwark, Hackney"
215432520,Ghanem,2,2,"Lambeth, Westminster"
21565389,Herman,5,2,"Southwark, Camden"
215666346,Diana,2,2,"Hackney, Haringey"
215821791,Rachel,3,2,"Westminster, Kensington_and_Chelsea"
216065761,Tatiana,2,2,"Hammersmith_and_Fulham, Wandsworth"
21606614,Sébastien,2,2,"Lambeth, Tower_Hamlets"
216550961,Matthew,3,2,"Islington, Hackney"
216841452,Anna,2,2,"Islington, Merton"
217272417,HashtagHomesUK,2,2,"Westminster, Brent"
217562650,Lucky,2,2,"Islington, Lambeth"
2181526,Alex & Family,25,2,"Islington, Camden"
218202905,Ola,5,2,"Greenwich, Southwark"
218588759,Anastasia,2,2,"Westminster, Islington"
21902938,Fahmi,2,2,"Haringey, Camden"
21945651,Arjun,5,2,"Southwark, Westminster"
219648220,Suzy,2,2,"Hackney, Tower_Hamlets"
219700437,Mohit,5,2,"Tower_Hamlets, Hammersmith_and_Fulham"
2198436,Emil,3,2,"Westminster, Lambeth"
21989693,Kaso,5,2,"Camden, Westminster"
2200205,Amaan,2,2,"Hackney, Islington"
220098180,Manroop,11,2,"Lambeth, Southwark"
22024277,Marina,2,2,"Kensington_and_Chelsea, Merton"
22036320,Deepak,6,2,"Tower_Hamlets, City_of_London"
220686460,Ahmed,3,2,"Westminster, Camden"
220978054,More,2,2,"Camden, Hammersmith_and_Fulham"
221325468,Fran,16,2,"Waltham_Forest, Hackney"
2213565,Gabriele,3,2,"Westminster, Kensington_and_Chelsea"
221408919,Jolie,3,2,"Wandsworth, City_of_London"
221541352,My Property Host,3,2,"Tower_Hamlets, Hackney"
2219804,Afif,9,2,"Westminster, Brent"
222186005,Chris,11,2,"Westminster, Kensington_and_Chelsea"
222275307,Lynn,5,2,"Westminster, Lambeth"
22250818,Katherine,2,2,"Hammersmith_and_Fulham, Kensington_and_Chelsea"
222538396,Samim,2,2,"Newham, Wandsworth"
222817156,Kremena,5,2,"Camden, Westminster"
2229160,Nancy,2,2,"Kensington_and_Chelsea, Hammersmith_and_Fulham"
22320595,Apartments Of London,19,2,"Westminster, Hammersmith_and_Fulham"
22322810,Bérénice,3,2,"Hammersmith_and_Fulham, Wandsworth"
22327548,Helia,3,2,"Camden, Kensington_and_Chelsea"
223311103,Jenny,4,2,"Kensington_and_Chelsea, Hammersmith_and_Fulham"
223329904,Houda,2,2,"Westminster, Barnet"
223384034,Abul,20,2,"Tower_Hamlets, Newham"
223553124,Janson,4,2,"Camden, Islington"
2236571,Alix,3,2,"Lambeth, Kensington_and_Chelsea"
223974156,Lacoumbe,4,2,"Westminster, Kensington_and_Chelsea"
224599282,Antonio,3,2,"Wandsworth, Lambeth"
224607962,Ali,5,2,"Camden, Westminster"
224944225,Joy,2,2,"Westminster, Lambeth"
22500293,Filomena,2,2,"Wandsworth, Merton"
22522056,Marianna,10,2,"Kensington_and_Chelsea, Lambeth"
225544770,Camilla,5,2,"Westminster, Camden"
22605613,Evie,2,2,"Southwark, Tower_Hamlets"
227016685,Claudia,2,2,"Camden, Westminster"
227028679,Asya,2,2,"Hammersmith_and_Fulham, Brent"
227144138,Alex,4,2,"Islington, Camden"
2272296,Nain,14,2,"Tower_Hamlets, Newham"
22746552,Martin,2,2,"Tower_Hamlets, Kensington_and_Chelsea"
227474937,Sharon,2,2,"Kensington_and_Chelsea, Lambeth"
227657333,Tibor,21,2,"Lambeth, Croydon"
227700884,Olga,3,2,"Wandsworth, Newham"
227795479,Dez,2,2,"Newham, Tower_Hamlets"
22837899,Martha,2,2,"Hammersmith_and_Fulham, Hackney"
228507575,Cassio,2,2,"Islington, Hammersmith_and_Fulham"
228516534,Lana,2,2,"Camden, Westminster"
228655358,Mo,15,2,"Kensington_and_Chelsea, Westminster"
228958602,Lolo,5,2,"Westminster, Kensington_and_Chelsea"
229016230,Maxi,2,2,"Kensington_and_Chelsea, City_of_London"
229057559,Phillip Leonardo,3,2,"Hammersmith_and_Fulham, Islington"
22909514,Rebecca,3,2,"Tower_Hamlets, Hackney"
229223230,Nooar,3,2,"Kensington_and_Chelsea, Westminster"
229273795,Iva & Denny,2,2,"Westminster, Newham"
2293201,Daniel,3,2,"Westminster, Camden"
2294295,Luke,3,2,"Wandsworth, Hammersmith_and_Fulham"
22979633,Vijay,2,2,"Hounslow, Hammersmith_and_Fulham"
2298412,Simone,4,2,"Ealing, Westminster"
229872558,Abdul,5,2,"Tower_Hamlets, Hackney"
230168806,Anna,3,2,"Tower_Hamlets, Lambeth"
230196324,Jennifer,2,2,"Westminster, Camden"
230350247,Alexander,4,2,"Tower_Hamlets, Hammersmith_and_Fulham"
230395222,Daniel,2,2,"Westminster, Islington"
230608953,Aaron,4,2,"Tower_Hamlets, Hackney"
230794940,John,2,2,"Hounslow, Hackney"
23109701,Paul,6,2,"Southwark, Lambeth"
231142817,Natalie,3,2,"Haringey, Westminster"
231266159,Zina,3,2,"Westminster, Barnet"
231518560,Bev,5,2,"Camden, Westminster"
232786181,Unal,4,2,"Tower_Hamlets, Kensington_and_Chelsea"
23331856,Olga,3,2,"Tower_Hamlets, Westminster"
2334345,Marco,2,2,"Lewisham, Hackney"
23346804,Mirko,18,2,"Westminster, Camden"
233629687,Lime Street,15,2,"Westminster, Kensington_and_Chelsea"
233698229,Boo,4,2,"Kensington_and_Chelsea, Westminster"
2346254,Matthew,5,2,"Southwark, Lambeth"
234744723,Pandora,6,2,"Camden, Westminster"
234965902,Andrea,4,2,"Kensington_and_Chelsea, Hammersmith_and_Fulham"
2349744,Subha,5,2,"Tower_Hamlets, City_of_London"
235021417,Kc,4,2,"Kensington_and_Chelsea, Hammersmith_and_Fulham"
2350487,David,2,2,"Camden, Waltham_Forest"
235246917,Char,2,2,"Hackney, Waltham_Forest"
235273250,Julia,3,2,"Westminster, Hackney"
235409970,Hermine,2,2,"Haringey, Hackney"
23607933,Luiz,2,2,"Westminster, Camden"
236165182,Alex,2,2,"Ealing, Hammersmith_and_Fulham"
236990824,Soly,9,2,"Kensington_and_Chelsea, Westminster"
237086386,Sam & Marta,2,2,"Brent, Hammersmith_and_Fulham"
237147488,St Christophers Inn Liverpool St,3,2,"Hackney, Islington"
23787341,Mohammad,2,2,"Camden, Barking_and_Dagenham"
238301111,Walter,7,2,"Barnet, Islington"
23841281,Bruce&Julio,3,2,"Lambeth, Wandsworth"
23843893,Farah,3,2,"Kensington_and_Chelsea, Westminster"
238903426,James,3,2,"Westminster, Kensington_and_Chelsea"
238953350,Luca,4,2,"Westminster, Kensington_and_Chelsea"
23944253,Jessica,3,2,"Westminster, Camden"
239458748,Lucian,3,2,"Brent, Camden"
239461831,Chris,4,2,"Camden, Westminster"
240564365,Shona,2,2,"Westminster, Camden"
24083288,Cynthia,2,2,"Tower_Hamlets, Wandsworth"
241446579,Daybyday,10,2,"Southwark, Waltham_Forest"
242453736,Julia,3,2,"Richmond_upon_Thames, Hammersmith_and_Fulham"
24292972,Margarita,4,2,"Hammersmith_and_Fulham, Kensington_and_Chelsea"
24311463,Jasmine,2,2,"Wandsworth, Kensington_and_Chelsea"
24336282,Barbora,2,2,"Camden, Lambeth"
243450366,Li,2,2,"Islington, Hackney"
243689140,Stella,2,2,"City_of_London, Kensington_and_Chelsea"
24375228,Daniel,5,2,"Lambeth, Westminster"
243879215,Arthur And Derrion,2,2,"Waltham_Forest, Hammersmith_and_Fulham"
24391875,Arsalan,8,2,"Westminster, Kensington_and_Chelsea"
2440352,Cleverson,5,2,"Camden, Islington"
244756568,Sheldon Lee,4,2,"Westminster, Camden"
24524003,Heart Of London,6,2,"Westminster, Wandsworth"
24530661,Jordan,2,2,"Camden, Islington"
245525538,Steven,3,2,"Camden, Brent"
24577201,Batir,2,2,"Westminster, Kensington_and_Chelsea"
245940149,Laura,2,2,"Islington, Hackney"
246247716,Michele,2,2,"Kensington_and_Chelsea, Brent"
24631975,Samantha,12,2,"Islington, Tower_Hamlets"
24638186,Ant,2,2,"Camden, Westminster"
247062728,Capital,3,2,"Tower_Hamlets, Hackney"
247194961,Mg,4,2,"Tower_Hamlets, Richmond_upon_Thames"
24851572,Nathalie,3,2,"Westminster, Hammersmith_and_Fulham"
249206042,Kamila,2,2,"Kensington_and_Chelsea, Tower_Hamlets"
249607517,Oliver,4,2,"Kensington_and_Chelsea, Westminster"
250071424,Vic,2,2,"Southwark, Lewisham"
250284307,Gabriela,5,2,"Kensington_and_Chelsea, Westminster"
2510617,Nicole,5,2,"Camden, Westminster"
25108004,Nancy,2,2,"Lewisham, Tower_Hamlets"
251119540,Valerie,4,2,"Camden, Westminster"
25144450,Gianluca,15,2,"Tower_Hamlets, Islington"
252117300,Juliane,2,2,"City_of_London, Westminster"
252145424,Alex,11,2,"Islington, Haringey"
252252320,Rodrigo,2,2,"Southwark, Kensington_and_Chelsea"
25237433,Alex,2,2,"Kensington_and_Chelsea, Westminster"
25252772,Johnny,2,2,"Islington, Camden"
253512003,Toni,2,2,"Westminster, Camden"
253835343,Paul,3,2,"Westminster, Hammersmith_and_Fulham"
25423352,Thesquare,5,2,"Islington, Tower_Hamlets"
254316603,Oxana,3,2,"Camden, Lambeth"
254492924,Michael,2,2,"Camden, Islington"
254514704,Bodrun,9,2,"Westminster, Camden"
255354922,Bloomsbury,3,2,"Camden, Westminster"
255809164,Vule,2,2,"Islington, Hammersmith_and_Fulham"
255979155,Amr,8,2,"Westminster, Camden"
25631509,Diane,7,2,"Kensington_and_Chelsea, Westminster"
256382070,George,2,2,"Kensington_and_Chelsea, Wandsworth"
25684652,Vlad,2,2,"Camden, Westminster"
2569925,Alex,2,2,"Kensington_and_Chelsea, Westminster"
25708054,Tony,2,2,"Camden, Westminster"
257298204,Elina,3,2,"Westminster, City_of_London"
257383261,Oscar,3,2,"Tower_Hamlets, Westminster"
257733503,Ric,2,2,"Hammersmith_and_Fulham, Southwark"
257772935,Ahmed,5,2,"Islington, Hackney"
258196580,Rollo,3,2,"Hackney, Kensington_and_Chelsea"
258469655,System,6,2,"Islington, Camden"
25852924,Ivan,2,2,"City_of_London, Lambeth"
25853267,Jan,2,2,"Tower_Hamlets, Southwark"
258763047,Farjana,2,2,"Lambeth, Bromley"
258976089,Lina,2,2,"Hackney, Wandsworth"
259390413,Kamila,2,2,"Lambeth, Camden"
259531608,Sirius,2,2,"Hackney, Camden"
25979930,Jennifer,2,2,"Brent, Camden"
25987159,Anthony,2,2,"City_of_London, Hackney"
260062909,Antony,2,2,"Brent, Camden"
260115953,Breteuil,3,2,"Kensington_and_Chelsea, Hammersmith_and_Fulham"
260208539,Lawrence,2,2,"Westminster, Tower_Hamlets"
2603114,Kat,2,2,"Islington, Westminster"
260354640,Barry,4,2,"Kensington_and_Chelsea, Westminster"
260550721,Andrea,3,2,"Camden, Islington"
26057805,Robert,4,2,"Westminster, Camden"
26103207,London Bath,2,2,"Wandsworth, Hammersmith_and_Fulham"
261072262,Ashkan,6,2,"Westminster, Kensington_and_Chelsea"
26110958,Aasa,2,2,"Merton, Hammersmith_and_Fulham"
26126457,Kelly,4,2,"Islington, Hackney"
26205694,Stephen,2,2,"Westminster, Camden"
262406217,RealtPro,2,2,"Kensington_and_Chelsea, Westminster"
262420012,Stephany,2,2,"Hackney, Kensington_and_Chelsea"
262434673,Amal,2,2,"Camden, Westminster"
26337596,Pia,2,2,"Lambeth, Hackney"
2635161,Pavel,11,2,"Westminster, Kensington_and_Chelsea"
264461726,Carrie,2,2,"Wandsworth, Islington"
2648278,Adèle,2,2,"Tower_Hamlets, Hackney"
264942350,Anis,4,2,"Westminster, Tower_Hamlets"
265197963,Suzaul,8,2,"Westminster, Camden"
265438243,Saida,2,2,"Greenwich, Southwark"
265550977,Chris,2,2,"Camden, Westminster"
265618876,Hanna,4,2,"Westminster, Kensington_and_Chelsea"
265654092,Shah,28,2,"Westminster, Kensington_and_Chelsea"
265831969,Zayn,4,2,"Redbridge, Tower_Hamlets"
2659050,Vicky,2,2,"Islington, Hammersmith_and_Fulham"
2659502,Jasmine,2,2,"Camden, Westminster"
265994288,Miranda,3,2,"Tower_Hamlets, Southwark"
266042527,Shafi,2,2,"Redbridge, Tower_Hamlets"
2666480,Sarah,4,2,"Islington, Camden"
266980093,Adam,6,2,"Kensington_and_Chelsea, Westminster"
2672646,Dan,5,2,"Westminster, Camden"
26731756,Ting,2,2,"Westminster, Islington"
267410862,Youssef,3,2,"Westminster, Camden"
271865724,Contact,2,2,"Tower_Hamlets, Westminster"
2719822,Andreia Silva,2,2,"Merton, Wandsworth"
27208400,Emilio,2,2,"Tower_Hamlets, Haringey"
272276723,WorthToStay,4,2,"Westminster, Kensington_and_Chelsea"
272736547,Syed,12,2,"Kensington_and_Chelsea, Westminster"
2727728,Samual,2,2,"Kensington_and_Chelsea, Westminster"
272799077,Sam,2,2,"Tower_Hamlets, Newham"
272875819,Manar,5,2,"Kensington_and_Chelsea, Brent"
272979356,Segnore,2,2,"Kensington_and_Chelsea, Westminster"
2730552,Javier,9,2,"Tower_Hamlets, Islington"
273428756,Rhenan,7,2,"Tower_Hamlets, Newham"
273538155,Feby,2,2,"Southwark, Lewisham"
273849180,Adam From Cottespar Lodge,3,2,"Islington, Camden"
27405122,Steve,3,2,"Westminster, Hammersmith_and_Fulham"
274167920,Edward,5,2,"Camden, Westminster"
27421077,James,5,2,"Hammersmith_and_Fulham, Lambeth"
274254068,Plamen,2,2,"Westminster, Lambeth"
27435863,Yasir,3,2,"Hackney, City_of_London"
27436480,Imran,3,2,"Westminster, Kensington_and_Chelsea"
27483219,Alexander,4,2,"Camden, Lambeth"
27527734,Bhaavin,3,2,"Hammersmith_and_Fulham, Tower_Hamlets"
2769968,Elizabeth & Hugo,8,2,"Kensington_and_Chelsea, Hammersmith_and_Fulham"
27787137,June,58,2,"Hackney, Tower_Hamlets"
2779363,Bob,3,2,"Southwark, Lambeth"
27909291,Lucie,2,2,"Westminster, Brent"
27921503,Alex,3,2,"Southwark, Lewisham"
2798276,Barna,2,2,"Southwark, Lambeth"
28042054,Ainsley,2,2,"Wandsworth, Lambeth"
2807665,Zoe,6,2,"Hammersmith_and_Fulham, Camden"
28168905,Adam,5,2,"Tower_Hamlets, Southwark"
28203501,David,6,2,"Tower_Hamlets, Hackney"
28234330,Alistair,2,2,"Westminster, Wandsworth"
28300304,Josephine,2,2,"Haringey, Hackney"
28305814,Dominic,5,2,"Westminster, Kensington_and_Chelsea"
28313938,Mathew,2,2,"Westminster, Camden"
2831566,Glenn,9,2,"Westminster, Camden"
28444620,Andy,2,2,"Tower_Hamlets, Greenwich"
2853267,Denis,3,2,"Tower_Hamlets, Hackney"
28549500,Hayder,5,2,"Barnet, Westminster"
28567008,Robert,4,2,"Westminster, Islington"
28574848,David,2,2,"Hammersmith_and_Fulham, Hounslow"
28576492,Chengxiang,3,2,"Hackney, Newham"
28619960,Zohra,2,2,"Harrow, Southwark"
2862022,Iovana,2,2,"Southwark, Lewisham"
28640613,Benoit,7,2,"Westminster, Kensington_and_Chelsea"
28733969,The Manor Somerset Country Estate,2,2,"Merton, Wandsworth"
28735954,Lara,4,2,"Westminster, Camden"
2878935,Sophie,2,2,"Hackney, Tower_Hamlets"
2879795,David,2,2,"Islington, Camden"
28930849,Emine,4,2,"Lambeth, Brent"
29086855,Paris Rental Connections,2,2,"Tower_Hamlets, Kensington_and_Chelsea"
2915155,Francie,2,2,"Hackney, Westminster"
29211630,Eli,6,2,"Hounslow, Hammersmith_and_Fulham"
2938071,Eddie,4,2,"Hounslow, Hammersmith_and_Fulham"
29426040,Jp,2,2,"Westminster, Camden"
29549588,Patricia,2,2,"Westminster, Hammersmith_and_Fulham"
2962513,Elaine,3,2,"Tower_Hamlets, Lambeth"
30160044,Charl,2,2,"Wandsworth, Westminster"
30191909,Jack,7,2,"Camden, Westminster"
30201012,Jj,4,2,"Hackney, Kensington_and_Chelsea"
3026698,Shamil,2,2,"Hammersmith_and_Fulham, Lewisham"
30273169,Chris,2,2,"Camden, Islington"
30274187,Natasha,2,2,"Kensington_and_Chelsea, Westminster"
30362264,Lateef,5,2,"Hackney, Enfield"
3039411,Sofiane,5,2,"Tower_Hamlets, Hackney"
30396011,Mags,2,2,"Hammersmith_and_Fulham, Ealing"
30523427,Winnie,2,2,"Westminster, Hammersmith_and_Fulham"
30702548,Pavlos,4,2,"Westminster, Kensington_and_Chelsea"
30758006,Kendra,2,2,"Westminster, Camden"
3076386,Roza,2,2,"Lambeth, Tower_Hamlets"
3095896,Signe,2,2,"Hammersmith_and_Fulham, Richmond_upon_Thames"
31066062,Robert,39,2,"Westminster, Kensington_and_Chelsea"
31091337,Ferri,2,2,"Hammersmith_and_Fulham, Kensington_and_Chelsea"
31094776,Landlondon,4,2,"Hackney, Southwark"
31155883,Charlotte,4,2,"Brent, Hammersmith_and_Fulham"
31399710,Andy,2,2,"Westminster, Lewisham"
31408288,Lucy,2,2,"Camden, Westminster"
31478726,Reda,11,2,"City_of_London, Westminster"
31571754,Alice,2,2,"Hackney, Tower_Hamlets"
31712697,Vittorio,3,2,"Haringey, Tower_Hamlets"
3172295,Ed,2,2,"Westminster, Kensington_and_Chelsea"
31836943,Mar,4,2,"Merton, Southwark"
31870202,Jubel,30,2,"Tower_Hamlets, Hackney"
31893506,Sacha,2,2,"Islington, Hackney"
31952109,Trinh,3,2,"Camden, Kensington_and_Chelsea"
32118392,Rebecca,2,2,"Southwark, Lambeth"
3217459,Bumble Bee & Alex,5,2,"Camden, Greenwich"
32176702,Hermione,3,2,"Wandsworth, Lambeth"
32251174,Sara,5,2,"Camden, Newham"
32405435,Ali,4,2,"Brent, Camden"
3254049,Claire,2,2,"Hackney, Haringey"
32789777,Moses,3,2,"Kensington_and_Chelsea, Westminster"
32886148,Mary,4,2,"Hammersmith_and_Fulham, Hounslow"
33010244,Mrs Dee,3,2,"Lambeth, Lewisham"
33176796,Saad,2,2,"Southwark, City_of_London"
33282073,Margot,7,2,"Hackney, Tower_Hamlets"
33291130,Alejandra,2,2,"Lewisham, Lambeth"
33306948,Matt,2,2,"Wandsworth, Croydon"
33321730,Kyle,2,2,"Tower_Hamlets, Hackney"
33322161,Virginie,2,2,"Tower_Hamlets, Hackney"
3350030,(Email hidden by Airbnb),2,2,"Westminster, Kensington_and_Chelsea"
3357385,Sarah,3,2,"Hackney, Kensington_and_Chelsea"
33657365,Michelle,2,2,"Newham, Tower_Hamlets"
3397436,Mirian,2,2,"Camden, Islington"
33985517,David,3,2,"Kensington_and_Chelsea, Westminster"
34044060,Felix,3,2,"Wandsworth, Lambeth"
34197258,Nadia,2,2,"Westminster, Kensington_and_Chelsea"
34395206,Mahesh,2,2,"Camden, Westminster"
34509408,Domenico,5,2,"Camden, Hackney"
3452114,Beth,2,2,"Hackney, Tower_Hamlets"
34638735,Cheene,2,2,"Westminster, Camden"
34686062,Hakim,2,2,"Hammersmith_and_Fulham, Ealing"
34687832,Emma,3,2,"Hammersmith_and_Fulham, Camden"
34733244,Catherine,2,2,"Islington, Lewisham"
34766598,David,4,2,"Merton, Wandsworth"
34830815,Natalie,2,2,"Hackney, Camden"
3497560,Emma,2,2,"Haringey, Hackney"
3500914,Joanna,4,2,"Camden, Kensington_and_Chelsea"
3503937,Naj,3,2,"Tower_Hamlets, Islington"
35176812,James,3,2,"Wandsworth, Merton"
35302377,Chris,4,2,"Wandsworth, Lambeth"
35376027,Shah,45,2,"Tower_Hamlets, Hackney"
3543309,Craig,2,2,"Lambeth, Wandsworth"
35690488,Zafer,4,2,"Merton, Wandsworth"
35754291,Sam,5,2,"Tower_Hamlets, Islington"
35769547,Masumi,2,2,"Bromley, Hackney"
35810606,Thom,2,2,"Hackney, Tower_Hamlets"
3582986,Antonio,9,2,"Camden, Westminster"
35869787,Applelondon,11,2,"Westminster, Lambeth"
35902113,Ali,2,2,"Westminster, Hammersmith_and_Fulham"
36197606,Yu,2,2,"Wandsworth, Kensington_and_Chelsea"
3624229,Melanie,3,2,"Tower_Hamlets, Islington"
3636203,Helen,5,2,"Westminster, Kensington_and_Chelsea"
36440500,Hattie,2,2,"Camden, Westminster"
36520301,Adam,2,2,"Hackney, Westminster"
3658699,Mondi,4,2,"Westminster, Lambeth"
3661951,Alice,2,2,"Westminster, Hammersmith_and_Fulham"
36641258,Lucy,2,2,"Westminster, Wandsworth"
36643461,Izabela,4,2,"Wandsworth, Merton"
36730550,Louise,5,2,"Brent, Kensington_and_Chelsea"
36743491,Leonie,2,2,"Hammersmith_and_Fulham, Wandsworth"
3681944,Wolfgang,5,2,"Camden, Westminster"
36845435,Anthony,2,2,"Merton, Westminster"
36901754,Hany,4,2,"Kensington_and_Chelsea, Camden"
36948057,Rachel,3,2,"Westminster, Ealing"
3694937,Denis,2,2,"Greenwich, Southwark"
36950764,Naima,2,2,"Camden, Ealing"
3708703,Tara,2,2,"Westminster, Camden"
3714277,Struan & Karina,4,2,"Kensington_and_Chelsea, Camden"
3723289,Amir,2,2,"Hammersmith_and_Fulham, Kensington_and_Chelsea"
37317235,Hitesh,4,2,"Lambeth, Redbridge"
3739313,Sally,2,2,"Hammersmith_and_Fulham, Ealing"
37434837,Danial,3,2,"Tower_Hamlets, Westminster"
37439257,Ivan,2,2,"Westminster, Lambeth"
37504333,Charlotte,2,2,"Westminster, Barnet"
37607911,Daisy,2,2,"Lambeth, Hackney"
3765042,Grant,5,2,"Hackney, Tower_Hamlets"
37674127,Javed,8,2,"Southwark, Westminster"
3779475,Kyle,8,2,"Islington, Westminster"
37979616,Sher,3,2,"Barnet, Tower_Hamlets"
38057031,Clare,2,2,"Kensington_and_Chelsea, Hammersmith_and_Fulham"
38283091,Isabella,4,2,"Southwark, Haringey"
3838050,Muse,16,2,"Hounslow, Hammersmith_and_Fulham"
38452566,Chris,2,2,"Camden, Westminster"
38477447,Umberto,2,2,"Islington, Kensington_and_Chelsea"
38627538,Olivia And David,2,2,"Merton, Wandsworth"
38677674,Jazz,6,2,"Tower_Hamlets, Hackney"
39470410,Angela,2,2,"Hammersmith_and_Fulham, Kensington_and_Chelsea"
3954308,Matthew,4,2,"Islington, Westminster"
39596116,Harry,2,2,"Tower_Hamlets, Westminster"
39682103,Darren And Henric,2,2,"Lambeth, Tower_Hamlets"
39694793,Alison,2,2,"Southwark, Lambeth"
39751999,E,3,2,"Tower_Hamlets, Kensington_and_Chelsea"
39827940,Meelan,2,2,"Tower_Hamlets, Newham"
39932852,La,22,2,"Camden, Westminster"
40153345,Sara Or Maria,4,2,"Greenwich, Southwark"
40220344,Thomas,2,2,"Westminster, Kensington_and_Chelsea"
40229595,Lewi,10,2,"Lambeth, Southwark"
40284837,Xavier,2,2,"Haringey, Westminster"
40303198,Sam & Marta,5,2,"Hackney, Tower_Hamlets"
40327,Bobby,5,2,"Hackney, Kensington_and_Chelsea"
4038832,Mauricio,2,2,"Westminster, Brent"
40670407,Danny,11,2,"Camden, Westminster"
40696728,Bob,2,2,"Kensington_and_Chelsea, Tower_Hamlets"
4086714,Julia,4,2,"Brent, Camden"
41146181,Aisling,2,2,"Croydon, Lambeth"
4138187,Simon,2,2,"Brent, Kensington_and_Chelsea"
41458996,Elif,2,2,"Camden, Barnet"
41558011,Moon,2,2,"Brent, Southwark"
41572178,Egle,3,2,"Tower_Hamlets, Hammersmith_and_Fulham"
41633333,Keya,4,2,"Barnet, Camden"
41653416,Lana,4,2,"Brent, Camden"
41668021,Paulo,4,2,"Islington, Westminster"
41732546,Hanushka,10,2,"Westminster, Kensington_and_Chelsea"
41795401,Gus,2,2,"Kensington_and_Chelsea, Westminster"
4182982,Caz,5,2,"Lambeth, Camden"
4212488,Walber,2,2,"City_of_London, Tower_Hamlets"
42153689,Aza,6,2,"Westminster, Hackney"
42196342,Mousa,25,2,"Westminster, Brent"
4224824,Sabiha,3,2,"Greenwich, Tower_Hamlets"
42313622,Salim,2,2,"Wandsworth, Camden"
42317502,London,2,2,"Tower_Hamlets, Westminster"
4238453,Jan,2,2,"Islington, Southwark"
42456753,Zoey,2,2,"Newham, Tower_Hamlets"
42470086,Tom,2,2,"Islington, Camden"
42492023,Mark,6,2,"Islington, Lambeth"
42748081,Piers,2,2,"Wandsworth, Merton"
42755215,Shiyang,2,2,"Camden, Wandsworth"
42765585,Andrew,5,2,"Greenwich, Tower_Hamlets"
4280165,Patricia,2,2,"Westminster, Kensington_and_Chelsea"
4280203,Luis Sergio,9,2,"Westminster, Lambeth"
42868684,Xingtao,2,2,"Tower_Hamlets, Wandsworth"
42936959,Carlos,25,2,"Lambeth, Southwark"
42961040,Nicholas,2,2,"Lambeth, Southwark"
42991771,George,4,2,"Camden, Kensington_and_Chelsea"
43149442,Rey,2,2,"Westminster, Kensington_and_Chelsea"
43166496,Alistair & Chloe,2,2,"Richmond_upon_Thames, Westminster"
43290126,Erika,3,2,"Lambeth, Wandsworth"
43452300,MortyBnb,16,2,"Tower_Hamlets, Westminster"
43478396,Dom,2,2,"Westminster, Islington"
43566360,Gabe,6,2,"Westminster, Lambeth"
43648042,Nastassia,2,2,"Westminster, Greenwich"
43870330,Michael,9,2,"Islington, Haringey"
43882737,Rolf,3,2,"Tower_Hamlets, City_of_London"
4400083,David,2,2,"Tower_Hamlets, Hackney"
4403489,Rashid,2,2,"Westminster, Kensington_and_Chelsea"
44052614,Mark,5,2,"Islington, Hackney"
441736,Kris,2,2,"City_of_London, Tower_Hamlets"
44181175,Stefano,2,2,"Hackney, Haringey"
44212075,Steve,4,2,"Westminster, Camden"
44493170,Talia,2,2,"Kensington_and_Chelsea, Westminster"
4451914,Eral And Julia,3,2,"Lambeth, Bromley"
4461562,Tiziana,3,2,"Southwark, Camden"
44618273,Nikhil,2,2,"Greenwich, Westminster"
4505069,Josh,2,2,"Westminster, Islington"
45092292,Max,4,2,"Camden, Islington"
4511944,Alina And Francisco,2,2,"Southwark, Lewisham"
45283200,Nick,2,2,"Camden, Westminster"
4544731,Nazim,3,2,"Kensington_and_Chelsea, Hammersmith_and_Fulham"
45503257,Neha,3,2,"Westminster, Camden"
45508183,Cloe,2,2,"Islington, Camden"
45608108,Danya,2,2,"Islington, Camden"
45612117,Thomas,7,2,"Westminster, Camden"
45894376,Fiona,2,2,"Lambeth, Richmond_upon_Thames"
45985758,Md,6,2,"Tower_Hamlets, Newham"
46080686,Eva,4,2,"Camden, Westminster"
4649563,Sm,16,2,"City_of_London, Islington"
46538521,Magda,9,2,"Kensington_and_Chelsea, Westminster"
47003701,Numan,4,2,"Islington, Camden"
47006048,Nick,21,2,"Kensington_and_Chelsea, Westminster"
471088,Anthony,2,2,"City_of_London, Kensington_and_Chelsea"
47170742,Raul,2,2,"Southwark, Lambeth"
47185367,Beth,2,2,"Kensington_and_Chelsea, Ealing"
47237234,Marcus,4,2,"Lambeth, Kensington_and_Chelsea"
47402672,Meehye,2,2,"Westminster, Southwark"
47454492,Ryan,2,2,"Wandsworth, Newham"
4749966,Daniella,5,2,"Tower_Hamlets, Hackney"
47504710,Karina,2,2,"Hammersmith_and_Fulham, Wandsworth"
4787208,Trish,2,2,"Hammersmith_and_Fulham, Kensington_and_Chelsea"
47878604,Sabi,4,2,"Camden, Westminster"
47887561,Dan,2,2,"Haringey, Islington"
47973652,Tommy & Chris,3,2,"Westminster, Camden"
4813934,Kimberley,10,2,"Westminster, Kensington_and_Chelsea"
48149140,Frank And Suraia,20,2,"Westminster, Kensington_and_Chelsea"
4822404,Dea,2,2,"Westminster, Camden"
48226558,Mary,3,2,"Westminster, Kensington_and_Chelsea"
48315119,Elise,2,2,"Westminster, Camden"
48584117,Rachel,2,2,"Hackney, Haringey"
48894093,Steven & Tatyana,2,2,"Tower_Hamlets, Newham"
4891291,Lily,2,2,"Islington, Westminster"
48939773,Alicia,2,2,"Hackney, Tower_Hamlets"
48975847,S&D,17,2,"Camden, Westminster"
491286,Chil,2,2,"Croydon, Kensington_and_Chelsea"
49155934,Rafique,2,2,"Islington, Camden"
49170765,Amira,2,2,"Hammersmith_and_Fulham, Lambeth"
49195239,Benjamin,2,2,"Islington, Hackney"
49202652,Khaled,2,2,"Tower_Hamlets, Wandsworth"
49316540,Shuning,2,2,"Westminster, Newham"
493276,A. Nick,2,2,"Kensington_and_Chelsea, Westminster"
49354746,Llh,4,2,"Tower_Hamlets, Islington"
49472260,Sam & Kerri,18,2,"Westminster, Camden"
49547184,Zaid,2,2,"Hackney, Camden"
49687258,Georgina,2,2,"Southwark, Islington"
49791467,Harriet,3,2,"Camden, Westminster"
49862883,Kate,2,2,"Kensington_and_Chelsea, Westminster"
499662,Sarita,2,2,"Tower_Hamlets, Hackney"
4999188,Jozef,2,2,"Islington, Hackney"
50031020,Shubhra,6,2,"Lambeth, Wandsworth"
50177526,Fay,5,2,"Kensington_and_Chelsea, City_of_London"
50227021,Clara,2,2,"Camden, Westminster"
50392824,Lisa,7,2,"Westminster, Kensington_and_Chelsea"
50400563,LondonFlats DFM,11,2,"Haringey, Kensington_and_Chelsea"
5048474,Constantine,2,2,"Westminster, Camden"
505353,Caz,3,2,"Kensington_and_Chelsea, Hammersmith_and_Fulham"
50590336,Kseniia,3,2,"Southwark, Lambeth"
50608687,Jan,2,2,"Westminster, Camden"
506680,Emily,2,2,"Wandsworth, Merton"
50818241,Jorge,2,2,"Islington, Hackney"
50846493,Mike And Jerah,4,2,"Camden, Westminster"
51017136,Cinthia,2,2,"Tower_Hamlets, Westminster"
510363,Cliff,2,2,"Islington, Kensington_and_Chelsea"
51230835,Semih,2,2,"Westminster, Kensington_and_Chelsea"
5147193,Supercity,6,2,"Camden, Islington"
51479631,Ayman,3,2,"Westminster, Wandsworth"
5149131,Regina,2,2,"Hackney, Tower_Hamlets"
51657387,Anna,4,2,"Westminster, Hackney"
51910018,Sarahat,19,2,"Kensington_and_Chelsea, Camden"
51982020,Residence,3,2,"Westminster, Southwark"
5221409,Leo,5,2,"Camden, Lambeth"
524986,Alexa,2,2,"Richmond_upon_Thames, Kensington_and_Chelsea"
52518044,Jesse,10,2,"Hammersmith_and_Fulham, Wandsworth"
5253264,Thomas,2,2,"Tower_Hamlets, Hackney"
5264907,Vadym,2,2,"Islington, Westminster"
52746913,Hirsch,3,2,"Wandsworth, Kensington_and_Chelsea"
52806099,Charles,3,2,"Wandsworth, Lambeth"
5281536,Diogo,8,2,"Tower_Hamlets, Hammersmith_and_Fulham"
5286456,Rick,2,2,"Camden, Kensington_and_Chelsea"
5297554,Paul,2,2,"Richmond_upon_Thames, Islington"
5317044,Jasper,2,2,"Kensington_and_Chelsea, Westminster"
53490072,Dominik,2,2,"Tower_Hamlets, Hackney"
5375403,Antonio & Andrea,7,2,"Camden, Islington"
5380343,Junchao,2,2,"City_of_London, Lewisham"
5436806,Pengyou,4,2,"Camden, Tower_Hamlets"
54386473,James,3,2,"Westminster, Hammersmith_and_Fulham"
54658864,Jobair,2,2,"Tower_Hamlets, Hackney"
5471237,Sofia,3,2,"Brent, Kensington_and_Chelsea"
54730,Alina,3,2,"Islington, Hackney"
54790939,Simona,2,2,"Westminster, Islington"
55082093,Tom,2,2,"Westminster, Kensington_and_Chelsea"
55198055,Paul,3,2,"Tower_Hamlets, Hackney"
55309822,Luca,2,2,"Tower_Hamlets, Haringey"
5541741,Sarah,8,2,"Islington, Camden"
55530347,Criscia,2,2,"Wandsworth, Sutton"
555427,Jessie,7,2,"Southwark, Lambeth"
5559164,Dale,2,2,"Lewisham, Tower_Hamlets"
5595334,Samantha Shu Qin,2,2,"Westminster, Camden"
56104,James,3,2,"Camden, Newham"
5628346,Hayley,48,2,"Tower_Hamlets, Hackney"
56331439,Ian,2,2,"Westminster, Camden"
56374442,Christian,2,2,"Hammersmith_and_Fulham, Wandsworth"
56484140,Sophie,2,2,"Hackney, Tower_Hamlets"
5656459,Kelly,2,2,"Camden, Hackney"
56581866,Charles,5,2,"Westminster, Camden"
5660292,John,2,2,"Southwark, Lewisham"
569485,Luxe Nomad,2,2,"Tower_Hamlets, Hammersmith_and_Fulham"
57088420,Harry,7,2,"Kensington_and_Chelsea, Camden"
57102231,Rana,3,2,"Westminster, Kensington_and_Chelsea"
57166466,Dmytro,27,2,"Brent, Westminster"
57248395,Emily & Aaron,4,2,"Islington, Camden"
57359823,Mohammed,2,2,"Hammersmith_and_Fulham, Ealing"
57619117,Elda,2,2,"Hackney, Islington"
57656932,Azhar,6,2,"Westminster, Kensington_and_Chelsea"
5771395,Joseph,7,2,"Westminster, Lambeth"
57734526,Donna,4,2,"Tower_Hamlets, Enfield"
57891037,Lovina,3,2,"Camden, Westminster"
5796811,Rebecca,3,2,"Lambeth, Kensington_and_Chelsea"
580475,Alessandro,50,2,"Westminster, City_of_London"
58055229,Serhiy,28,2,"Brent, Westminster"
58143804,Alessandro,24,2,"Tower_Hamlets, Hackney"
58301821,Matt,2,2,"Hackney, Islington"
5844923,Joe,3,2,"Camden, Westminster"
5848499,Maria Anna,4,2,"Hackney, Kensington_and_Chelsea"
58687144,Augustin,2,2,"Ealing, Hammersmith_and_Fulham"
58767616,Ha,3,2,"Tower_Hamlets, Lewisham"
58811866,Stefanie,2,2,"Lambeth, Kensington_and_Chelsea"
5897688,Jayati,2,2,"Westminster, Camden"
58977643,Steve,5,2,"Lambeth, Greenwich"
5900613,Sarah,2,2,"Hackney, Lewisham"
59016636,Thomas And Shane,2,2,"Westminster, Kensington_and_Chelsea"
59643716,Marie,2,2,"Lambeth, Westminster"
5966390,Chris,33,2,"Kensington_and_Chelsea, Westminster"
5969878,Mattis,2,2,"Tower_Hamlets, Islington"
5970915,Vera,37,2,"Westminster, Camden"
59874232,Dean,2,2,"Islington, Westminster"
59874333,David,5,2,"Camden, Westminster"
60042240,David And Jane,2,2,"Camden, Westminster"
60103501,Gaia,5,2,"Westminster, Camden"
60276291,Ariel,2,2,"Ealing, Southwark"
60406543,Rochelle,2,2,"Islington, Camden"
60647587,D. Jan And Karen,3,2,"Camden, Westminster"
60726162,Alexander,5,2,"Kensington_and_Chelsea, Hammersmith_and_Fulham"
60737283,Maxine,2,2,"Camden, Islington"
60812445,Shadi,2,2,"Camden, Islington"
608373,Noely,10,2,"Camden, Islington"
60995869,Reza,6,2,"Westminster, Hammersmith_and_Fulham"
6146502,Cherin,2,2,"Tower_Hamlets, Southwark"
61524904,Komla,3,2,"Westminster, Lewisham"
61530305,Ann,2,2,"Westminster, Camden"
61550170,Victor,3,2,"Westminster, Brent"
61664856,Carl & Elodie,4,2,"Camden, Islington"
6175248,Andreas,2,2,"Barnet, Wandsworth"
61995499,Joanna,2,2,"Southwark, Tower_Hamlets"
62245878,Jenny,2,2,"Merton, Wandsworth"
62293087,Christian,3,2,"Tower_Hamlets, Southwark"
62368024,Saem,52,2,"Camden, Islington"
62892356,Jason,6,2,"Lambeth, Westminster"
62895988,Angela,5,2,"Hackney, Camden"
62956417,Alex,5,2,"Islington, Waltham_Forest"
6308464,"London Eats, London Sleeps.",6,2,"Tower_Hamlets, Hackney"
6318925,Zvonko & Marija,4,2,"Ealing, Hammersmith_and_Fulham"
63217499,Deborah,2,2,"Lambeth, Wandsworth"
63620122,Kaisar,3,2,"Westminster, Kensington_and_Chelsea"
63630947,Doris,6,2,"Camden, Islington"
6387534,Sophie,2,2,"Brent, Hammersmith_and_Fulham"
6401472,Ricky,2,2,"Hammersmith_and_Fulham, Lambeth"
64256849,Jamie,2,2,"Camden, Kensington_and_Chelsea"
64285200,Jon,3,2,"Westminster, Kensington_and_Chelsea"
6436429,Annie,4,2,"Brent, Westminster"
64507690,Karl,4,2,"Hackney, Tower_Hamlets"
6466160,Myriam,2,2,"Hackney, Tower_Hamlets"
64777332,Daniel,2,2,"Westminster, Camden"
648727,Caterina,5,2,"Kensington_and_Chelsea, Camden"
6488465,Lydia And Simon,2,2,"Southwark, Merton"
64995499,Adam,8,2,"Camden, Barnet"
65128735,Karim,3,2,"Kensington_and_Chelsea, Hounslow"
65216928,James And Val,7,2,"Kensington_and_Chelsea, Westminster"
6528202,Fran,4,2,"Tower_Hamlets, Waltham_Forest"
65358748,Luke,2,2,"Tower_Hamlets, Hackney"
6555892,Robin,2,2,"Richmond_upon_Thames, Wandsworth"
6561185,Cristina & Camilo,2,2,"Hackney, Islington"
6565471,Alejandro,4,2,"Lambeth, Wandsworth"
65799990,Minnie,5,2,"Westminster, Brent"
65910760,Shuaib,2,2,"Newham, Tower_Hamlets"
66005856,Ari,3,2,"Tower_Hamlets, Ealing"
66116139,Andy,2,2,"Camden, Hammersmith_and_Fulham"
6614842,Thom,2,2,"Tower_Hamlets, Hackney"
66442818,Oliver,3,2,"Camden, Islington"
66715692,Hammad,6,2,"Ealing, Hammersmith_and_Fulham"
668617,Sam,2,2,"Wandsworth, Westminster"
66924011,Isabella,2,2,"Southwark, City_of_London"
6712883,Jonny,2,2,"Hackney, Newham"
6717859,Steve,5,2,"Westminster, Camden"
6718950,Amy And Gin,3,2,"Westminster, Kensington_and_Chelsea"
67426443,Julien,2,2,"Brent, Camden"
67564,Liz,14,2,"Westminster, Camden"
6775734,Nina,4,2,"Tower_Hamlets, Hackney"
67890422,Paulina,2,2,"Lambeth, Southwark"
67911213,Suri,4,2,"City_of_London, Tower_Hamlets"
68208776,Karin,4,2,"Hammersmith_and_Fulham, Kensington_and_Chelsea"
6836041,Elona,5,2,"Kensington_and_Chelsea, Lambeth"
68805718,Kim,2,2,"Kensington_and_Chelsea, Westminster"
6881701,Soho Apartment Management,5,2,"Westminster, Camden"
6882329,Justin,4,2,"Ealing, Kensington_and_Chelsea"
68901113,Darren And Chantell,2,2,"Lewisham, Tower_Hamlets"
69083203,Jennifer,4,2,"Barnet, Westminster"
6918494,Yan,4,2,"Newham, Westminster"
69437232,Andrea,2,2,"Westminster, Camden"
696065,Tania,5,2,"Hackney, Waltham_Forest"
6977302,Shivonne,2,2,"Barnet, Southwark"
69853791,Marcia,2,2,"Newham, Tower_Hamlets"
6987866,Christina,4,2,"Tower_Hamlets, Southwark"
7016159,Igor,23,2,"Westminster, Kensington_and_Chelsea"
7017012,Catherine,2,2,"Lambeth, Hackney"
70300443,Charles,4,2,"Hammersmith_and_Fulham, Lambeth"
70311981,Danielle,2,2,"Wandsworth, Lambeth"
70494406,Antonin,2,2,"Islington, Hackney"
70559928,Rebecca,3,2,"Kensington_and_Chelsea, Camden"
70617842,Belle,4,2,"Kensington_and_Chelsea, Camden"
7088358,Jonathan,2,2,"Hackney, Islington"
71069250,Sarahjane,2,2,"Westminster, Kensington_and_Chelsea"
71098748,Marilyn,3,2,"Kensington_and_Chelsea, Westminster"
71263781,Lilla,2,2,"Hammersmith_and_Fulham, Kensington_and_Chelsea"
71307600,Elliot,22,2,"Kensington_and_Chelsea, Westminster"
71528423,Jaime,2,2,"Islington, Hackney"
71544324,Mavis,2,2,"Tower_Hamlets, Hackney"
71574422,Nj,2,2,"Harrow, Tower_Hamlets"
7160999,Clare,2,2,"Islington, Haringey"
71711599,David,2,2,"Southwark, Lambeth"
71937679,Abdulkareem,2,2,"Hackney, Haringey"
71989399,Roysul,4,2,"Merton, Lambeth"
7202963,Kiran,2,2,"Camden, Westminster"
72126189,Vin,2,2,"Tower_Hamlets, Greenwich"
72135649,Meg,2,2,"Waltham_Forest, Hackney"
7232822,Anthony,5,2,"Kensington_and_Chelsea, Wandsworth"
72432957,Jessica,2,2,"Lambeth, Haringey"
72566565,Donal,2,2,"Westminster, Southwark"
7297965,Michael,5,2,"Westminster, Camden"
73069195,Siqi & Jérôme,5,2,"Wandsworth, Southwark"
73163546,Abbie,4,2,"Southwark, Westminster"
7337548,Ewa,2,2,"Westminster, Camden"
7361844,Louise,2,2,"Islington, Haringey"
7366484,Angela,3,2,"Islington, Haringey"
73726617,Hafsi,2,2,"Camden, Brent"
7413212,Jonathan,3,2,"Lewisham, Hammersmith_and_Fulham"
74303465,Bertie,2,2,"Lambeth, Kensington_and_Chelsea"
74476876,Jane,2,2,"Brent, Islington"
7469815,Angela,2,2,"Greenwich, Lambeth"
74740436,Andi,4,2,"Westminster, Camden"
7541130,Philip,2,2,"Hammersmith_and_Fulham, Islington"
7547026,Lisa,2,2,"Westminster, Hammersmith_and_Fulham"
75625062,Magdalena,6,2,"Westminster, Southwark"
7604615,Rosamond,4,2,"Wandsworth, Merton"
76075364,Sarah,2,2,"Camden, Waltham_Forest"
76090908,David,2,2,"Camden, Kensington_and_Chelsea"
76201523,Emilie,2,2,"Greenwich, Tower_Hamlets"
76369455,Lee,11,2,"Westminster, Camden"
76378246,Ying,2,2,"Lewisham, Southwark"
7701687,Arcore,43,2,"Camden, Westminster"
77088258,Hany,2,2,"Wandsworth, Westminster"
7732792,Angelica,3,2,"Tower_Hamlets, City_of_London"
77357404,Nathan,3,2,"Croydon, Hammersmith_and_Fulham"
7736553,Eve,2,2,"Hackney, Islington"
77406573,Carlos,4,2,"Southwark, Lewisham"
781429,Chris,2,2,"Hackney, Lambeth"
7820774,Toby,6,2,"Hammersmith_and_Fulham, Westminster"
78296828,Annabelle,2,2,"Kensington_and_Chelsea, Westminster"
7834939,Arye,2,2,"Westminster, Camden"
78595071,Alexandra,2,2,"Tower_Hamlets, Hammersmith_and_Fulham"
78657906,Alex,2,2,"City_of_London, Merton"
787625,Leslie,2,2,"Tower_Hamlets, Hackney"
78763244,Oliver,2,2,"Tower_Hamlets, Lambeth"
7893686,Rosemary,2,2,"Richmond_upon_Thames, Westminster"
7933107,James,2,2,"Southwark, Greenwich"
79501201,Joseph,3,2,"Westminster, Waltham_Forest"
7954041,Hamza,2,2,"Newham, Southwark"
79714461,Alfred,11,2,"Camden, Islington"
79959090,Alex,5,2,"Westminster, Hammersmith_and_Fulham"
80367927,Jacqueline,3,2,"Camden, Westminster"
80418784,Élián,11,2,"Camden, Westminster"
8051747,Susie,2,2,"Haringey, Hackney"
80632481,Joan,7,2,"Kensington_and_Chelsea, Westminster"
8138227,Charley,10,2,"Islington, Redbridge"
8140171,Sam,2,2,"Camden, Westminster"
81617053,Azure,4,2,"Barnet, Camden"
82035248,Nilhan,2,2,"Hackney, Islington"
82040787,Yvonne,5,2,"Islington, Barking_and_Dagenham"
82061647,Mo,4,2,"Brent, Camden"
82284136,Natalia,2,2,"Richmond_upon_Thames, Kensington_and_Chelsea"
8239621,Avi,2,2,"Brent, Camden"
8271673,Rosie,2,2,"Hounslow, Hammersmith_and_Fulham"
8278050,Alessandra,2,2,"Croydon, Kensington_and_Chelsea"
82812494,Alex,3,2,"Hammersmith_and_Fulham, Westminster"
8297457,Gordon,3,2,"Islington, Westminster"
82986434,Mehdi,2,2,"Barnet, Westminster"
829888,Daniel,2,2,"Tower_Hamlets, Kensington_and_Chelsea"
8382272,Larry And Emma,4,2,"Camden, Westminster"
8387816,Victoria,2,2,"Brent, Kensington_and_Chelsea"
83898321,Frank,2,2,"Southwark, Tower_Hamlets"
84065638,Riccardo,2,2,"Brent, Westminster"
84682616,Shakil,4,2,"Tower_Hamlets, Newham"
84833745,Imanol,2,2,"Camden, Hammersmith_and_Fulham"
84906732,Kai,7,2,"Southwark, Lambeth"
8499620,Attila,4,2,"Hammersmith_and_Fulham, Barnet"
8504722,Marcello,3,2,"Lambeth, Southwark"
8507380,Elena&Nick,9,2,"Westminster, Wandsworth"
8512048,Jennifer,2,2,"Haringey, Islington"
85525912,Anne,6,2,"Newham, Tower_Hamlets"
85666129,庆雨,2,2,"Islington, Haringey"
857701,Dirk And Susann,3,2,"Westminster, Camden"
85856060,Ilva,3,2,"Westminster, Tower_Hamlets"
859316,Priscilla,2,2,"Tower_Hamlets, Hackney"
8634111,Dima,2,2,"Lambeth, Southwark"
8634152,Alexis,2,2,"Barking_and_Dagenham, Islington"
8636961,Katia,3,2,"Hackney, Haringey"
86586745,Abdulla,4,2,"Kensington_and_Chelsea, Westminster"
86658575,Diana,5,2,"Westminster, Lambeth"
871182,Patrick,2,2,"Wandsworth, Lambeth"
87234517,Tanveer,2,2,"Wandsworth, Merton"
87343392,Emily,3,2,"Tower_Hamlets, Hackney"
87473341,Bobby,2,2,"Kensington_and_Chelsea, Hammersmith_and_Fulham"
8747584,Sunita,2,2,"Newham, Hackney"
87586246,Ru,3,2,"Brent, Camden"
8766191,Sunil,3,2,"Westminster, Brent"
87685572,Victoria,3,2,"Westminster, Brent"
87756018,Aleksandre,2,2,"Westminster, Kensington_and_Chelsea"
87791326,Anna,2,2,"Wandsworth, Lambeth"
8780415,Nikoletta&Valerio,3,2,"Hammersmith_and_Fulham, Barking_and_Dagenham"
87868427,Zee,4,2,"Camden, Brent"
88112967,Sarah,2,2,"Ealing, Kensington_and_Chelsea"
8830267,Mathieu,4,2,"Hackney, Tower_Hamlets"
88444702,Edoardo,2,2,"Hammersmith_and_Fulham, Waltham_Forest"
88455206,Daisy,2,2,"Lewisham, Southwark"
89059557,Mary,2,2,"Lambeth, Southwark"
89115610,Alina,3,2,"Westminster, Kensington_and_Chelsea"
89161798,Marius,26,2,"Westminster, Kensington_and_Chelsea"
89915822,Sarika,2,2,"Tower_Hamlets, Bexley"
90008957,Ricarda,2,2,"Southwark, Lewisham"
90277845,Mostafa,2,2,"Southwark, Barnet"
90425431,Niovi,2,2,"Kensington_and_Chelsea, Tower_Hamlets"
9046786,Clemence,4,2,"Islington, Hackney"
9054223,Stefania,2,2,"Wandsworth, Hammersmith_and_Fulham"
91249905,Frank,4,2,"Hammersmith_and_Fulham, Wandsworth"
91459644,Chris,3,2,"Westminster, Lambeth"
91831842,Anna,2,2,"Wandsworth, Tower_Hamlets"
91964248,Gustavo Miguel,3,2,"Wandsworth, Lambeth"
9224702,Stephen,3,2,"Southwark, Islington"
9240658,Mary,21,2,"Tower_Hamlets, Greenwich"
92754127,Rahul,3,2,"Hackney, Tower_Hamlets"
92866430,Dave,2,2,"Haringey, Camden"
93627028,Fiona,2,2,"Redbridge, Hackney"
93759318,George,4,2,"Tower_Hamlets, Greenwich"
9382234,Shirley,2,2,"Westminster, Tower_Hamlets"
94159098,Ben,3,2,"Kensington_and_Chelsea, Southwark"
9426008,Giulia,2,2,"Westminster, Brent"
94989849,Timothy,2,2,"Bexley, Southwark"
9537730,Madhoo,3,2,"Brent, Westminster"
95539517,Andy,2,2,"Tower_Hamlets, Barnet"
9559895,Gary,2,2,"Islington, Camden"
95964893,Lenka,2,2,"Southwark, Camden"
9609350,Kim,26,2,"Westminster, Kensington_and_Chelsea"
96133870,Viji,2,2,"Islington, Westminster"
96270773,Erica,3,2,"Islington, Hackney"
96307274,Sam And Chris,5,2,"Camden, Tower_Hamlets"
96409738,Ambika,2,2,"Kensington_and_Chelsea, Westminster"
96540976,Zaid,2,2,"Kensington_and_Chelsea, Westminster"
96649754,Ava,3,2,"Kensington_and_Chelsea, Westminster"
96841924,Thomas Andre,2,2,"Hackney, Tower_Hamlets"
973599,Lucinda,2,2,"Kensington_and_Chelsea, Wandsworth"
97366090,Amy,2,2,"Ealing, Hammersmith_and_Fulham"
97743864,Alan,2,2,"Westminster, Merton"
97874184,Moji,2,2,"Hackney, Enfield"
97962660,Albert-Fort And Jane,2,2,"Camden, Westminster"
98155984,Syeda,3,2,"Redbridge, Hackney"
98382419,Jason,2,2,"Merton, Wandsworth"
9846855,Caroline,4,2,"Kensington_and_Chelsea, Hammersmith_and_Fulham"
98629531,Milka,4,2,"Lambeth, Wandsworth"
98716726,Najlaa,2,2,"Greenwich, Westminster"
9874271,Jonathan,3,2,"Camden, Westminster"
9886126,Brent,2,2,"Merton, Wandsworth"
9917446,Bella,7,2,"Kensington_and_Chelsea, Camden"
99203458,Suresh,6,2,"Tower_Hamlets, Newham"
9924788,Kay,2,2,"Greenwich, Tower_Hamlets"
9946185,Julie,3,2,"Tower_Hamlets, Camden"
995624,Mark,7,2,"Islington, City_of_London"
99603629,David,3,2,"Westminster, Lambeth"
99857523,Andrew,2,2,"Wandsworth, Kensington_and_Chelsea"
99940779,Nadia,3,2,"Hackney, Haringey"
